,Car Name,Year,Distance,Owner,Fuel,Location,Drive,Type,Price
0,Maruti S PRESSO,2022,3878,1,PETROL,HR-98,Manual,HatchBack,514000
1,Hyundai Xcent,2018,32041,1,PETROL,TN-22,Manual,Sedan,674000
2,Tata Safari,2021,96339,1,DIESEL,TS-08,Automatic,SUV,1952000
3,Maruti Vitara Brezza,2019,51718,1,DIESEL,WB-24,Manual,SUV,690000
4,Tata Tiago,2021,19811,1,PETROL,HR-51,Manual,HatchBack,526000
5,Maruti Swift,2017,70129,1,PETROL,MH-14,Manual,HatchBack,552000
6,Hyundai i20,2012,103781,1,PETROL,,Manual,HatchBack,278000
7,Renault Kwid,2021,31945,2,PETROL,UP-32,Automatic,HatchBack,518000
8,Hyundai Grand i10,2015,39950,1,PETROL,HR-26,Manual,HatchBack,443000
9,Maruti Swift,2018,56697,1,DIESEL,KA-04,Automatic,HatchBack,710350
10,Maruti IGNIS,2018,38184,2,CNG,PB-10,Automatic,HatchBack,548000
11,Maruti S PRESSO,2019,30347,1,PETROL,MH-48,Automatic,HatchBack,481000
12,Honda Brio,2012,42375,2,PETROL,GJ-05,Manual,HatchBack,312000
13,Hyundai Elite i20,2019,47231,1,PETROL,GJ-27,Manual,HatchBack,613000
14,Honda City,2014,111577,1,PETROL,,Manual,Sedan,503000
15,Maruti Baleno,2018,60042,1,PETROL,MH-47,Manual,HatchBack,614000
16,Honda WR-V,2017,93518,1,DIESEL,KA-01,Manual,SUV,693000
17,Honda Amaze,2019,33245,1,PETROL,MH-01,Manual,Sedan,439000
18,Maruti Alto 800,2016,43717,1,PETROL,GJ-01,Manual,HatchBack,294000
19,Maruti Celerio,2021,1863,1,PETROL,PB-91,Automatic,HatchBack,716000
20,Ford Ecosport,2019,50078,1,PETROL,TN-19,Manual,SUV,836000
21,Maruti Ciaz,2018,63856,1,PETROL,UP-16,Manual,Sedan,794000
22,Renault Kwid,2018,72337,1,PETROL,KA-19,Manual,HatchBack,324000
23,Maruti Swift,2021,14567,1,PETROL,WB-02,Manual,HatchBack,678000
24,Hyundai Elite i20,2018,36778,1,CNG,DL-8C,Manual,HatchBack,587000
25,Hyundai Elite i20,2015,50419,1,PETROL,DL-12,Manual,HatchBack,474000
26,Honda City,2010,45257,1,DIESEL,HR-51,Manual,Sedan,608000
27,Maruti Swift,2016,40368,1,PETROL,HR-26,Manual,HatchBack,477000
28,Datsun Redi Go,2016,37488,1,PETROL,CH-01,Manual,HatchBack,205000
29,Tata TIAGO NRG,2019,43253,1,PETROL,KA-53,Manual,HatchBack,574000
30,Renault Kwid,2022,6587,1,PETROL,KA-02,Manual,HatchBack,572000
31,Honda Amaze,2019,37566,2,PETROL,TS-13,Manual,Sedan,635000
32,Hyundai Santro Xing,2011,33952,2,PETROL,KL-22,Manual,HatchBack,169000
33,Ford FREESTYLE,2018,31679,1,PETROL,KL-09,Manual,SUV,611000
34,Maruti Swift,2018,98221,2,CNG,HR-10,Manual,HatchBack,558000
35,Maruti Baleno,2016,45836,1,PETROL,UP-16,Manual,HatchBack,520000
36,Honda Amaze,2018,75883,1,CNG,MH-05,Manual,Sedan,483000
37,Maruti Dzire,2021,27480,1,PETROL,GJ-01,Manual,Sedan,707000
38,Maruti Ciaz,2017,61250,1,DIESEL,TS-07,Manual,Sedan,796000
39,Maruti Alto,2021,16516,1,CNG,DL-11,Manual,HatchBack,483000
40,Hyundai NEW SANTRO,2019,57656,1,CNG,MH-46,Manual,HatchBack,482000
41,Maruti Baleno,2017,33669,2,PETROL,MH-12,Automatic,HatchBack,675000
42,Maruti Celerio,2018,124206,2,PETROL,,Manual,HatchBack,373000
43,Maruti Alto 800,2018,36722,1,PETROL,MH-04,Manual,HatchBack,324000
44,Honda City,2010,87722,1,DIESEL,KA-05,Manual,Sedan,448000
45,Maruti Celerio,2015,62663,2,PETROL,UP-16,Automatic,HatchBack,377000
46,Honda WR-V,2017,38022,1,PETROL,MH-04,Manual,SUV,581000
47,Maruti Swift,2019,28956,1,PETROL,UP-14,Manual,HatchBack,572000
48,Maruti Swift,2015,119106,2,PETROL,,Manual,HatchBack,490000
49,Hyundai Grand i10,2017,71686,1,PETROL,HR-16,Manual,HatchBack,417000
50,Maruti Alto K10,2017,45785,1,PETROL,DL-9C,Manual,HatchBack,347000
51,Ford Endeavour,2019,94389,1,DIESEL,GJ-02,Manual,Lux_SUV,2192000
52,Maruti Ciaz,2017,30052,1,PETROL,DL-9C,Manual,Sedan,570000
53,Honda Amaze,2019,99520,1,PETROL,HR-26,Automatic,Sedan,326000
54,Maruti Swift Dzire,2013,69372,1,PETROL,MH-48,Automatic,Sedan,708000
55,Maruti Wagon R 1.0,2014,21799,1,PETROL,MH-04,Manual,HatchBack,351000
56,Maruti Swift,2014,69045,1,PETROL,UP-14,Manual,HatchBack,401000
57,Maruti Alto,2020,26533,1,CNG,RJ-02,Manual,HatchBack,406000
58,Hyundai GRAND I10 NIOS,2020,44937,1,CNG,HR-51,Manual,HatchBack,628000
59,Hyundai Grand i10,2017,75370,1,PETROL,TN-22,Manual,HatchBack,468000
60,Honda City,2017,4756,1,PETROL,MH-47,Manual,Sedan,940000
61,Maruti Alto K10,2012,39085,1,PETROL,DL-12,Manual,HatchBack,208000
62,Maruti Celerio X,2018,32891,1,PETROL,MH-12,Automatic,HatchBack,595000
63,Hyundai Grand i10,2017,35775,1,PETROL,GJ-01,Manual,HatchBack,515000
64,Toyota URBAN CRUISER,2021,37618,1,PETROL,BR-01,Automatic,SUV,1010000
65,Ford Ecosport,2015,67486,3,PETROL,MH-02,Automatic,SUV,505000
66,Hyundai Grand i10,2018,15290,2,PETROL,HR-51,Manual,HatchBack,469000
67,Honda Amaze,2017,97313,2,PETROL,DL-14,Manual,Sedan,401000
68,Mahindra XUV500,2018,105290,1,DIESEL,TS-07,Manual,Lux_SUV,1222000
69,Hyundai Elite i20,2014,65354,1,PETROL,TN-02,Manual,HatchBack,523000
70,Hyundai Verna,2017,28991,1,PETROL,MH-12,Manual,Sedan,714000
71,Honda WR-V,2019,72139,1,CNG,DL-8C,Manual,SUV,772000
72,Maruti Alto,2022,8502,1,CNG,MH-12,Manual,HatchBack,528000
73,Maruti Alto K10,2018,48617,1,PETROL,KL-27,Manual,HatchBack,365000
74,Maruti Swift Dzire,2015,106877,1,PETROL,,Manual,Sedan,224000
75,Hyundai VENUE,2019,50050,1,PETROL,UP-78,Automatic,SUV,897000
76,Tata NEXON,2017,69430,1,PETROL,TN-14,Manual,SUV,707000
77,Maruti Baleno,2016,68815,1,PETROL,MH-01,Automatic,HatchBack,584000
78,Maruti Baleno,2016,64759,1,PETROL,MH-12,Manual,HatchBack,545000
79,Maruti Wagon R 1.0,2016,40417,1,PETROL,DL-9C,Automatic,HatchBack,401000
80,Maruti Baleno,2018,68101,1,PETROL,TS-07,Manual,HatchBack,691000
81,Honda City,2019,64853,2,PETROL,KL-45,Manual,Sedan,338000
82,Mahindra KUV 100 NXT,2017,51642,1,DIESEL,UP-14,Manual,SUV,507000
83,Maruti Alto K10,2018,24502,2,PETROL,WB-90,Manual,HatchBack,293000
84,Hyundai Elite i20,2016,60350,1,PETROL,TS-07,Manual,HatchBack,629000
85,Maruti Alto 800,2014,71000,2,PETROL,PB-10,Manual,HatchBack,234000
86,Toyota YARIS,2021,66161,2,PETROL,KA-01,Manual,Sedan,662000
87,Maruti Wagon R 1.0,2015,64154,1,PETROL,UP-32,Manual,HatchBack,325000
88,Mahindra XUV 3OO,2020,21270,1,DIESEL,GJ-01,Automatic,SUV,1064000
89,Hyundai Santro Xing,2010,90382,2,PETROL,AP-23,Manual,HatchBack,205000
90,Honda City,2018,49423,1,PETROL,KA-02,Manual,Sedan,810000
91,Hyundai Elite i20,2016,47227,1,PETROL,KL-41,Manual,HatchBack,588000
92,Renault TRIBER,2021,24236,1,PETROL,PB-70,Manual,SUV,677000
93,Hyundai Tucson New,2018,86933,2,PETROL,UP-14,Manual,Lux_SUV,1221000
94,Mahindra TUV300,2017,58157,1,DIESEL,TN-09,Manual,SUV,817000
95,Toyota Glanza,2020,35636,1,PETROL,MH-01,Automatic,HatchBack,809000
96,Maruti Ciaz,2017,45639,2,PETROL,MH-03,Manual,Sedan,428000
97,Honda City,2016,53355,1,PETROL,DL-1C,Manual,Sedan,678000
98,Maruti Baleno,2017,88993,1,PETROL,MP-09,Automatic,HatchBack,619000
99,Maruti Eeco,2022,2075,1,CNG,KL-01,Manual,SUV,552000
100,Renault Duster,2014,59943,1,PETROL,DL-1C,Manual,SUV,446000
101,Renault Duster,2020,20743,1,PETROL,KA-05,Manual,SUV,942000
102,Maruti Swift,2014,33869,1,DIESEL,KA-03,Manual,HatchBack,507000
103,Honda City,2016,71731,2,PETROL,HR-51,Manual,Sedan,627000
104,Hyundai GRAND I10 NIOS,2019,25955,2,PETROL,WB-20,Automatic,HatchBack,565000
105,Ford Ecosport,2018,47942,1,PETROL,DL-10,Manual,SUV,844000
106,Maruti Wagon R 1.0,2014,63838,2,PETROL,UP-32,Manual,HatchBack,281000
107,Maruti Swift Dzire,2012,50854,2,PETROL,DL-3C,Manual,Sedan,294000
108,Maruti Alto,2020,18534,1,PETROL,KL-36,Manual,HatchBack,368000
109,Hyundai Elite i20,2016,118327,2,DIESEL,MH-14,Manual,HatchBack,613000
110,Toyota URBAN CRUISER,2020,22389,1,PETROL,UP-78,Manual,SUV,751000
111,Mahindra XUV500,2018,105759,2,DIESEL,KA-09,Manual,Lux_SUV,1196000
112,Maruti Alto 800,2015,30790,1,PETROL,MH-12,Manual,HatchBack,253000
113,Honda City,2010,68137,1,PETROL,TN-07,Manual,Sedan,737000
114,Hyundai i10,2012,35125,2,PETROL,TN-07,Manual,HatchBack,308000
115,Hyundai Elite i20,2018,67281,2,PETROL,GJ-01,Manual,HatchBack,690000
116,Hyundai NEW SANTRO,2018,80229,1,CNG,MH-14,Manual,HatchBack,436000
117,Hyundai NEW SANTRO,2018,22533,1,PETROL,TS-10,Manual,HatchBack,505000
118,Hyundai NEW SANTRO,2019,27153,2,PETROL,RJ-36,Manual,HatchBack,486000
119,Nissan MAGNITE,2021,66065,1,PETROL,DL-8C,Manual,SUV,750000
120,Honda City,2018,53612,2,PETROL,TN-02,Automatic,Sedan,591000
121,Hyundai Grand i10,2017,23376,1,PETROL,MH-05,Manual,HatchBack,535000
122,KIA SONET,2021,22542,1,PETROL,PB-91,Manual,SUV,1141000
123,Tata Safari,2021,25239,1,DIESEL,TN-14,Automatic,SUV,1810000
124,Ford FREESTYLE,2020,37077,1,PETROL,KA-04,Manual,SUV,633000
125,Maruti Alto 800,2017,54791,1,PETROL,TS-07,Manual,HatchBack,331000
126,Maruti Ertiga,2012,100274,1,DIESEL,BR-01,Manual,SUV,416000
127,Hyundai Elite i20,2016,74317,1,PETROL,HR-35,Manual,HatchBack,483000
128,Maruti Ciaz,2017,70660,1,PETROL,GJ-01,Automatic,Sedan,776000
129,Ford Ecosport,2019,57675,1,CNG,DL-8C,Manual,SUV,796000
130,Hyundai Grand i10,2019,32033,1,PETROL,DL-9C,Automatic,HatchBack,593000
131,Hyundai i10,2010,99873,1,PETROL,HR-26,Manual,HatchBack,162000
132,Maruti Wagon R 1.0,2018,10409,1,PETROL,MH-02,Automatic,HatchBack,486000
133,Honda Jazz,2016,31130,1,PETROL,PB-08,Manual,HatchBack,461000
134,KIA SELTOS,2020,96537,2,PETROL,GJ-18,Manual,SUV,906000
135,Renault Duster,2013,92379,1,DIESEL,RJ-14,Manual,SUV,362000
136,Maruti Swift Dzire,2014,26337,2,PETROL,UP-37,Manual,Sedan,621000
137,Nissan MAGNITE,2021,25725,1,PETROL,GJ-38,Automatic,SUV,858000
138,Hyundai Grand i10,2019,15100,1,PETROL,HR-03,Manual,HatchBack,606000
139,Hyundai GRAND I10 NIOS,2021,27546,1,PETROL,MP-09,Automatic,HatchBack,692000
140,Maruti Wagon R 1.0,2018,32330,1,PETROL,HR-52,Automatic,HatchBack,449000
141,Honda Amaze,2019,18152,1,PETROL,GJ-06,Manual,Sedan,689000
142,Maruti Dzire,2017,71321,2,PETROL,HR-26,Manual,Sedan,701000
143,Maruti Alto K10,2012,80172,2,PETROL,AP-29,Manual,HatchBack,197300
144,Maruti Swift,2018,44602,1,PETROL,TS-07,Manual,HatchBack,654000
145,Toyota YARIS,2018,39299,1,PETROL,MH-12,Automatic,Sedan,901000
146,Honda Brio,2012,52092,2,PETROL,KA-04,Manual,HatchBack,332000
147,Volkswagen Ameo,2018,19158,1,PETROL,TN-59,Manual,Sedan,654000
148,Renault Kiger,2021,20044,1,PETROL,KA-04,Manual,HatchBack,675000
149,Maruti Wagon R 1.0,2014,44752,1,PETROL,MH-03,Manual,HatchBack,353000
150,Honda Accord,2013,114653,1,PETROL,,Manual,Sedan,190000
151,Datsun Redi Go,2018,30732,1,PETROL,KA-04,Manual,HatchBack,262000
152,Maruti Swift Dzire,2012,14799,1,PETROL,MH-01,Manual,Sedan,468000
153,Maruti Dzire,2018,43525,1,PETROL,KA-05,Manual,Sedan,674000
154,Hyundai Grand i10,2017,92995,2,PETROL,HR-36,Manual,HatchBack,442000
155,Hyundai NEW I20,2021,14261,1,PETROL,TN-14,Manual,HatchBack,763000
156,Honda Amaze,2013,9415,1,PETROL,GJ-32,Manual,Sedan,723000
157,Maruti Celerio,2018,17547,1,PETROL,MH-01,Automatic,HatchBack,488000
158,Maruti Celerio,2017,49344,1,PETROL,GJ-08,Automatic,HatchBack,471000
159,Hyundai Elite i20,2019,18690,1,PETROL,TS-12,Manual,HatchBack,751000
160,Tata NEXON,2018,83234,1,DIESEL,WB-26,Manual,SUV,526000
161,Maruti Ciaz,2021,17752,1,PETROL,TN-06,Manual,Sedan,761000
162,Honda Amaze,2021,97084,1,PETROL,KA-41,Manual,Sedan,422000
163,Hyundai Xcent,2015,40791,2,PETROL,MH-01,Manual,Sedan,444000
164,Tata ALTROZ,2020,35197,1,DIESEL,MH-03,Manual,HatchBack,787000
165,Maruti Vitara Brezza,2018,73081,1,DIESEL,UP-65,Manual,SUV,635000
166,Maruti Wagon R 1.0,2018,58165,2,PETROL,MP-04,Manual,HatchBack,383000
167,Maruti Wagon R 1.0,2011,22866,1,PETROL,DL-8C,Manual,HatchBack,220000
168,Maruti Baleno,2017,54410,1,PETROL,DL-9C,Manual,HatchBack,496000
169,Maruti Wagon R 1.0,2017,14524,1,PETROL,KA-53,Manual,HatchBack,463000
170,Renault Kwid,2015,66995,2,PETROL,MH-14,Manual,HatchBack,283000
171,Maruti Wagon R 1.0,2017,75537,1,CNG,DL-8C,Manual,HatchBack,374250
172,Maruti Dzire,2017,39198,1,PETROL,TS-08,Automatic,Sedan,973000
173,Maruti Baleno,2016,74270,2,DIESEL,MH-12,Manual,HatchBack,545000
174,Maruti Baleno,2017,36573,3,PETROL,TN-14,Manual,HatchBack,610000
175,Maruti A Star,2010,64103,2,PETROL,KA-02,Manual,HatchBack,221000
176,Maruti Alto 800,2018,26158,1,PETROL,PB-91,Manual,HatchBack,343000
177,Maruti Alto,2019,60299,1,PETROL,GJ-03,Manual,HatchBack,380000
178,Maruti Baleno,2017,32343,1,PETROL,MH-14,Automatic,HatchBack,603000
179,Maruti Ciaz,2015,123077,2,DIESEL,GJ-01,Manual,Sedan,569350
180,Hyundai Elite i20,2017,29201,2,PETROL,MH-02,Manual,HatchBack,561000
181,Honda City,2017,71105,1,PETROL,MH-48,Automatic,Sedan,627000
182,Maruti Swift Dzire,2012,73399,1,PETROL,AP-23,Manual,Sedan,419000
183,Maruti Swift Dzire,2013,41312,1,PETROL,AP-10,Manual,Sedan,451000
184,Maruti Baleno,2017,34102,1,PETROL,MH-03,Manual,HatchBack,624000
185,Hyundai i10,2011,69532,1,PETROL,KA-05,Automatic,HatchBack,343000
186,Maruti Vitara Brezza,2020,41465,2,DIESEL,HR-13,Manual,SUV,726000
187,Maruti Ritz,2014,75638,2,PETROL,TS-13,Manual,HatchBack,378000
188,Maruti Dzire,2019,51377,1,PETROL,TS-08,Automatic,Sedan,672000
189,Maruti Swift Dzire,2014,35872,1,PETROL,WB-02,Manual,Sedan,336000
190,Honda Jazz,2015,74079,2,PETROL,GJ-06,Manual,HatchBack,428000
191,Maruti Wagon R 1.0,2011,79275,1,PETROL,DL-8C,Manual,HatchBack,202000
192,Hyundai Grand i10,2018,27721,1,PETROL,DL-8C,Manual,HatchBack,497000
193,Maruti Swift,2018,21347,1,PETROL,DL-5C,Manual,HatchBack,559000
194,Maruti IGNIS,2017,59811,1,PETROL,MH-05,Automatic,HatchBack,537000
195,Nissan Micra,2018,89172,1,PETROL,GJ-05,Automatic,HatchBack,449000
196,Maruti Baleno,2019,31867,1,PETROL,DL-8C,Manual,HatchBack,680000
197,Hyundai i20,2012,39845,1,PETROL,MH-02,Manual,HatchBack,320000
198,Maruti Alto K10,2015,67182,2,PETROL,MH-12,Automatic,HatchBack,348000
199,Mahindra XUV500,2018,69690,1,DIESEL,MH-47,Manual,Lux_SUV,1187000
200,Renault Kwid,2019,66740,1,PETROL,GJ-05,Automatic,HatchBack,401000
201,Honda Brio,2014,70683,2,PETROL,UP-32,Manual,HatchBack,286000
202,Maruti Swift,2019,39280,2,PETROL,GJ-05,Manual,HatchBack,572000
203,Maruti Vitara Brezza,2019,41265,2,DIESEL,GJ-03,Manual,SUV,914000
204,Hyundai Verna,2017,58942,1,PETROL,MH-12,Automatic,Sedan,802000
205,Hyundai i20,2014,36766,2,PETROL,KA-51,Manual,HatchBack,525000
206,Hyundai Eon,2016,33476,1,PETROL,MH-12,Manual,HatchBack,327000
207,Hyundai Creta,2015,99951,2,PETROL,DL-1C,Manual,SUV,690000
208,Tata Tiago,2021,12060,1,PETROL,TN-09,Manual,HatchBack,667000
209,Tata Tiago,2019,30214,1,PETROL,TN-58,Manual,HatchBack,477000
210,Ford Ecosport,2016,46706,1,PETROL,DL-2C,Manual,SUV,692000
211,Maruti Wagon R 1.0,2014,53706,1,PETROL,MH-15,Manual,HatchBack,327000
212,Hyundai Grand i10,2014,59973,1,PETROL,TS-07,Manual,HatchBack,440000
213,Maruti Alto,2020,61703,1,PETROL,PB-07,Manual,HatchBack,333000
214,Hyundai Eon,2015,43724,1,PETROL,KA-19,Manual,HatchBack,299000
215,Maruti Baleno,2017,26371,1,PETROL,HR-30,Manual,HatchBack,529000
216,Hyundai Verna,2017,114451,1,DIESEL,KA-13,Manual,Sedan,800000
217,Maruti Celerio,2020,81389,1,CNG,MH-12,Manual,HatchBack,497000
218,Ford Ecosport,2017,33921,1,PETROL,TN-12,Manual,SUV,722000
219,Mahindra Bolero,2020,47559,2,DIESEL,UP-32,Manual,SUV,762000
220,Maruti Alto K10,2010,54671,1,PETROL,KA-03,Manual,HatchBack,233000
221,Hyundai i10,2010,50831,3,PETROL,KA-51,Manual,HatchBack,241000
222,Maruti Celerio,2020,50393,1,CNG,MH-43,Manual,HatchBack,507000
223,Hyundai VENUE,2021,16860,2,PETROL,TN-12,Manual,SUV,1007000
224,Maruti Dzire,2020,69384,2,DIESEL,WB-20,Automatic,Sedan,676000
225,Renault Duster,2016,52851,1,DIESEL,GJ-16,Manual,SUV,573000
226,Maruti Alto 800,2015,61979,1,PETROL,TS-09,Manual,HatchBack,277000
227,Hyundai i10,2011,72666,1,PETROL,MH-12,Manual,HatchBack,237000
228,Maruti IGNIS,2020,52819,1,PETROL,BR-01,Automatic,HatchBack,611000
229,Renault Kwid,2019,19797,1,PETROL,DL-8C,Manual,HatchBack,344000
230,Hyundai NEW SANTRO,2018,39198,2,PETROL,MP-04,Automatic,HatchBack,538000
231,Honda City,2016,16856,1,PETROL,HR-26,Manual,Sedan,702000
232,Toyota Etios Liva,2014,73506,1,PETROL,DL-8C,Manual,HatchBack,269800
233,Maruti Ciaz,2015,51252,1,PETROL,TN-12,Automatic,Sedan,716000
234,Maruti Alto,2019,20494,1,PETROL,CH-01,Manual,HatchBack,324000
235,Maruti Ciaz,2018,14290,1,PETROL,MH-14,Automatic,Sedan,1368000
236,Honda Jazz,2017,50359,1,PETROL,KA-04,Automatic,HatchBack,696000
237,Renault Kwid,2018,9889,1,PETROL,DL-12,Manual,HatchBack,350000
238,Maruti Wagon R 1.0,2014,40670,1,CNG,MH-12,Manual,HatchBack,376000
239,Renault TRIBER,2022,5303,1,PETROL,MH-12,Manual,SUV,719000
240,Maruti Celerio,2016,63509,1,PETROL,MH-34,Automatic,HatchBack,413000
241,Hyundai NEW I20,2021,17449,2,DIESEL,KA-11,Manual,HatchBack,856000
242,Maruti Baleno,2019,43476,2,PETROL,RJ-02,Manual,HatchBack,588000
243,Honda Amaze,2021,11799,1,PETROL,KL-22,Manual,Sedan,799000
244,Maruti Wagon R 1.0,2014,52914,1,PETROL,TN-22,Manual,HatchBack,364000
245,Hyundai Santro Xing,2011,73284,2,PETROL,MP-09,Manual,HatchBack,218000
246,Hyundai GRAND I10 NIOS,2019,55115,2,PETROL,MH-40,Manual,HatchBack,535000
247,Maruti Celerio,2016,40547,1,PETROL,KA-05,Automatic,HatchBack,452000
248,Maruti Wagon R 1.0,2013,50244,1,PETROL,MH-01,Manual,HatchBack,298000
249,Renault Kwid,2018,46656,1,PETROL,GJ-05,Manual,HatchBack,352000
250,Honda City,2014,36222,2,PETROL,MH-03,Manual,Sedan,557000
251,Honda Brio,2012,66201,2,PETROL,MH-12,Manual,HatchBack,279000
252,Hyundai Verna,2019,66427,1,PETROL,TS-07,Manual,Sedan,974000
253,Maruti New Wagon-R,2021,77064,1,CNG,HR-36,Manual,HatchBack,594000
254,Maruti Dzire,2018,111035,1,PETROL,,Automatic,Sedan,512000
255,Maruti IGNIS,2019,21167,1,PETROL,MH-49,Automatic,HatchBack,651000
256,Nissan Micra Active,2018,81680,1,PETROL,TN-14,Manual,HatchBack,399000
257,Honda Amaze,2018,34578,1,PETROL,RJ-45,Manual,Sedan,1111000
258,Toyota YARIS,2018,31428,2,PETROL,CH-01,Automatic,Sedan,807000
259,Hyundai VENUE,2021,20357,2,PETROL,MH-14,Manual,SUV,781000
260,Hyundai GRAND I10 NIOS,2019,18111,1,PETROL,GJ-06,Manual,HatchBack,654000
261,Hyundai NEW SANTRO,2021,11041,1,PETROL,MP-04,Manual,HatchBack,529000
262,Maruti Dzire,2020,74490,1,PETROL,UP-32,Manual,Sedan,602000
263,Hyundai GRAND I10 NIOS,2020,29284,1,PETROL,GJ-01,Automatic,HatchBack,713000
264,Maruti Swift,2019,81694,1,CNG,HR-10,Manual,HatchBack,537000
265,Maruti Dzire,2018,72038,3,DIESEL,MP-09,Manual,Sedan,576000
266,Maruti Swift Dzire,2013,57512,1,PETROL,MH-02,Manual,Sedan,467000
267,Maruti Swift,2019,37732,1,PETROL,MP-09,Manual,HatchBack,601000
268,Maruti Dzire,2018,51133,1,DIESEL,UP-32,Manual,Sedan,630000
269,Renault Duster,2019,47944,1,PETROL,DL-7C,Manual,SUV,762000
270,Ford Ecosport,2017,33493,1,PETROL,KA-01,Automatic,SUV,777000
271,Maruti Swift,2017,21083,1,PETROL,GJ-01,Manual,HatchBack,544000
272,Tata Harrier,2020,44616,1,DIESEL,BR-01,Manual,SUV,1740000
273,Maruti Baleno,2019,53219,1,PETROL,GJ-01,Manual,HatchBack,628000
274,Maruti Alto K10,2010,60180,2,PETROL,HR-20,Manual,HatchBack,177000
275,KIA SONET,2022,5758,1,DIESEL,GJ-01,Automatic,SUV,1431000
276,Maruti Baleno,2017,89581,1,PETROL,TS-05,Manual,HatchBack,646000
277,Datsun Redi Go,2017,115401,1,PETROL,,Manual,HatchBack,213000
278,Maruti Ciaz,2018,52698,1,PETROL,DL-8C,Manual,Sedan,361000
279,Maruti Swift,2019,47262,1,PETROL,PB-70,Manual,HatchBack,605000
280,Hyundai Grand i10,2017,16634,2,PETROL,KA-51,Manual,HatchBack,533000
281,Tata TIGOR,2017,110311,1,PETROL,,Manual,Sedan,441000
282,Honda City,2014,54759,1,PETROL,CH-01,Manual,Sedan,508000
283,Maruti Alto 800,2013,48444,1,PETROL,KA-36,Manual,HatchBack,286000
284,Maruti Swift Dzire,2015,42976,1,PETROL,MH-05,Automatic,Sedan,476000
285,Maruti Swift,2017,52382,1,PETROL,KA-25,Manual,HatchBack,676000
286,Hyundai i10,2012,24918,2,PETROL,MH-02,Manual,HatchBack,269000
287,Tata Tiago,2018,44315,1,PETROL,TS-08,Manual,HatchBack,467000
288,Maruti Vitara Brezza,2018,48451,1,DIESEL,MH-03,Manual,SUV,930000
289,Maruti IGNIS,2022,12699,1,PETROL,TN-07,Manual,HatchBack,732000
290,Maruti Ciaz,2018,24385,1,PETROL,GJ-27,Manual,Sedan,748000
291,Hyundai Grand i10,2016,71337,1,PETROL,GJ-06,Manual,HatchBack,451000
292,Renault Kwid,2016,83219,1,PETROL,MH-02,Manual,HatchBack,270000
293,Maruti Baleno,2016,43655,1,PETROL,KA-03,Manual,HatchBack,630000
294,Honda City,2014,45165,2,PETROL,PB-02,Manual,Sedan,779000
295,Tata PUNCH,2022,7125,1,PETROL,MH-04,Manual,SUV,725000
296,Hyundai Creta,2018,32209,1,PETROL,MH-03,Automatic,SUV,1188000
297,Maruti New Wagon-R,2019,85969,1,CNG,DL-9C,Manual,HatchBack,496000
298,Maruti Swift,2019,31286,1,PETROL,TS-09,Automatic,HatchBack,690000
299,Volkswagen Polo,2021,30088,1,PETROL,TS-07,Manual,HatchBack,761000
300,Maruti Alto K10,2015,61108,1,PETROL,CH-01,Manual,HatchBack,281000
301,Renault Duster,2016,93415,1,DIESEL,GJ-27,Manual,SUV,608000
302,Maruti Alto 800,2017,57971,2,PETROL,UP-14,Manual,HatchBack,260000
303,Hyundai Elite i20,2014,76697,3,DIESEL,TN-02,Manual,HatchBack,520000
304,Hyundai VENUE,2020,11066,1,PETROL,UP-16,Manual,SUV,1090000
305,Mahindra TUV300,2018,36242,1,DIESEL,UP-14,Automatic,SUV,794000
306,Hyundai i20,2011,46494,2,PETROL,WB-20,Manual,HatchBack,207000
307,Maruti Dzire,2020,71019,2,DIESEL,TS-08,Manual,Sedan,641000
308,Renault TRIBER,2020,14282,1,PETROL,DL-12,Automatic,SUV,691000
309,Tata Tiago,2019,42739,2,PETROL,TN-09,Manual,HatchBack,515000
310,Maruti Swift Dzire,2011,16153,1,PETROL,DL-9C,Manual,Sedan,873000
311,Maruti S PRESSO,2022,5787,1,PETROL,GJ-17,Manual,HatchBack,444000
312,Hyundai i10,2012,63585,1,PETROL,HR-26,Manual,HatchBack,222000
313,Maruti Wagon R 1.0,2013,61132,1,PETROL,AP-29,Manual,HatchBack,320000
314,Honda City,2015,46836,1,PETROL,MP-09,Manual,Sedan,624000
315,Maruti Swift,2014,52802,2,PETROL,KA-05,Manual,HatchBack,514000
316,Volkswagen Polo,2019,47613,1,PETROL,KA-03,Manual,HatchBack,767000
317,Hyundai Grand i10,2015,88880,1,PETROL,MP-04,Manual,HatchBack,429000
318,Toyota Camry,2015,66467,1,PETROL,MH-02,Automatic,Lux_sedan,1122000
319,Hyundai Verna,2021,42075,1,PETROL,DL-7C,Manual,Sedan,619000
320,Maruti Ciaz,2015,44348,1,PETROL,TS-08,Automatic,Sedan,746000
321,Maruti Swift,2018,32875,1,PETROL,GJ-06,Manual,HatchBack,579000
322,Hyundai Creta,2018,49538,1,DIESEL,UP-14,Manual,SUV,1056000
323,Hyundai Creta,2015,39584,1,PETROL,MH-47,Manual,SUV,807400
324,Honda City,2016,73338,1,PETROL,GJ-05,Manual,Sedan,632000
325,Toyota Corolla Altis,2015,66362,3,PETROL,HR-26,Automatic,Lux_sedan,860000
326,Maruti IGNIS,2017,36248,1,PETROL,KA-51,Manual,HatchBack,596000
327,Renault Duster,2016,56156,1,DIESEL,UP-16,Automatic,SUV,548000
328,Renault Duster,2016,100583,1,DIESEL,HR-26,Manual,SUV,492000
329,Maruti Swift,2018,42059,2,PETROL,KA-04,Automatic,HatchBack,705000
330,Tata Tiago,2018,38575,2,PETROL,KA-01,Automatic,HatchBack,571000
331,Maruti Baleno,2017,20607,2,PETROL,KA-03,Manual,HatchBack,648000
332,Honda Civic,2012,56446,2,PETROL,UP-32,Automatic,Sedan,520000
333,Hyundai GRAND I10 NIOS,2022,17428,1,CNG,DL-7C,Manual,HatchBack,719000
334,Honda Jazz,2022,11365,1,PETROL,TS-13,Automatic,HatchBack,947000
335,Hyundai Creta,2016,52891,1,PETROL,MH-47,Manual,SUV,733000
336,Volkswagen Vento,2020,21275,1,PETROL,MH-48,Manual,Sedan,641000
337,Honda Amaze,2019,44514,1,PETROL,BR-01,Manual,Sedan,479000
338,Maruti Alto K10,2015,30751,1,PETROL,KA-03,Manual,HatchBack,341000
339,Honda Jazz,2018,39284,1,PETROL,GJ-27,Manual,HatchBack,614000
340,Hyundai Grand i10,2019,37965,1,PETROL,GJ-01,Automatic,HatchBack,626000
341,Maruti Swift Dzire,2014,83845,1,PETROL,KA-02,Manual,Sedan,607000
342,KIA SELTOS,2019,57179,1,PETROL,TS-07,Manual,SUV,1197000
343,Hyundai Elite i20,2015,94121,2,PETROL,TS-08,Manual,HatchBack,549000
344,Maruti Ciaz,2017,52645,3,PETROL,TN-10,Manual,Sedan,617000
345,Honda Jazz,2017,43025,2,PETROL,TN-18,Manual,HatchBack,592000
346,Maruti Swift,2012,105992,1,DIESEL,MH-04,Manual,HatchBack,423000
347,Tata Tiago,2021,30359,2,PETROL,TS-08,Manual,HatchBack,577000
348,Hyundai Grand i10,2017,26678,2,PETROL,TS-13,Manual,HatchBack,548000
349,Maruti Wagon R 1.0,2017,15993,1,PETROL,KA-04,Manual,HatchBack,463000
350,Ford Ecosport,2016,67889,1,PETROL,KA-02,Automatic,SUV,755000
351,Hyundai NEW I20,2022,19944,1,PETROL,GJ-01,Manual,HatchBack,930000
352,Ford Ecosport,2018,37983,1,PETROL,KA-04,Manual,SUV,810000
353,Maruti Ritz,2011,73946,1,PETROL,MH-14,Manual,HatchBack,248000
354,Hyundai Creta,2017,79634,1,PETROL,GJ-01,Automatic,SUV,948000
355,Hyundai i10,2013,91279,2,PETROL,KA-03,Automatic,HatchBack,349000
356,Hyundai Creta,2020,27959,1,PETROL,HR-26,Manual,SUV,1141000
357,Maruti Baleno,2021,23851,2,PETROL,GJ-16,Automatic,HatchBack,814000
358,Volkswagen Vento,2020,22192,2,PETROL,TS-07,Manual,Sedan,809000
359,Maruti Baleno,2017,100102,1,PETROL,,Manual,HatchBack,485000
360,Maruti Alto,2019,42839,1,PETROL,GJ-03,Manual,HatchBack,380000
361,Maruti Swift,2012,99428,3,CNG,MH-15,Manual,HatchBack,331200
362,Hyundai Creta,2015,93177,1,PETROL,WB-12,Manual,SUV,571000
363,Tata NEXON,2022,21009,1,PETROL,GJ-01,Automatic,SUV,1222000
364,Renault Kwid,2020,10916,2,PETROL,KA-51,Automatic,HatchBack,560000
365,Hyundai GRAND I10 NIOS,2019,6327,1,PETROL,TS-09,Automatic,HatchBack,764000
366,Maruti S Cross,2017,113633,1,DIESEL,MH-43,Manual,SUV,728000
367,Tata Tiago,2019,68766,1,PETROL,RJ-45,Manual,HatchBack,531000
368,Renault Kiger,2021,48938,2,PETROL,KA-03,Automatic,HatchBack,1013000
369,Maruti Ciaz,2016,63155,2,DIESEL,TN-07,Manual,Sedan,674000
370,Skoda Octavia,2016,38959,1,PETROL,MH-09,Automatic,Lux_sedan,1281000
371,Honda City,2017,40586,1,PETROL,GJ-27,Manual,Sedan,833000
372,Maruti Wagon R 1.0,2018,43528,2,PETROL,TS-08,Manual,HatchBack,424350
373,Volkswagen Polo,2018,50781,2,PETROL,KA-02,Automatic,HatchBack,834000
374,Honda Brio,2015,34105,1,PETROL,DL-3C,Manual,HatchBack,345000
375,Maruti Alto K10,2019,26520,2,PETROL,UP-32,Automatic,HatchBack,387000
376,Hyundai Grand i10,2018,44690,1,PETROL,MH-06,Manual,HatchBack,491000
377,Hyundai Grand i10,2017,40570,1,PETROL,TS-09,Automatic,HatchBack,638000
378,Maruti Swift,2019,51622,1,PETROL,HR-51,Manual,HatchBack,545000
379,Ford FREESTYLE,2018,63517,1,DIESEL,UP-16,Manual,SUV,555000
380,Maruti Vitara Brezza,2019,68272,1,DIESEL,PB-91,Manual,SUV,767000
381,Hyundai Grand i10,2014,98211,2,PETROL,KA-19,Manual,HatchBack,398000
382,Ford Ecosport,2019,34446,2,PETROL,MH-02,Automatic,SUV,710000
383,Maruti Dzire,2017,91412,2,PETROL,TN-14,Automatic,Sedan,545000
384,Hyundai NEW I20,2021,60157,1,PETROL,MH-14,Manual,HatchBack,796000
385,Maruti Baleno,2017,63801,1,PETROL,DL-9C,Manual,HatchBack,535000
386,Maruti Celerio,2014,77796,2,PETROL,MH-01,Manual,HatchBack,294000
387,Hyundai Grand i10,2017,49809,1,PETROL,GJ-06,Manual,HatchBack,492000
388,Maruti Alto 800,2015,111283,2,PETROL,,Manual,HatchBack,274000
389,Maruti Baleno,2016,35748,1,PETROL,MP-09,Manual,HatchBack,513000
390,Maruti Wagon R 1.0,2017,94753,1,PETROL,TN-37,Manual,HatchBack,401000
391,Maruti Swift,2017,49602,2,PETROL,TS-33,Manual,HatchBack,602650
392,Maruti New Wagon-R,2020,23040,1,CNG,DL-11,Manual,HatchBack,575000
393,Honda Brio,2015,41595,2,PETROL,MP-09,Manual,HatchBack,373000
394,Hyundai NEW SANTRO,2020,15578,2,PETROL,PB-12,Manual,HatchBack,429000
395,Maruti IGNIS,2017,88087,2,CNG,GJ-02,Automatic,HatchBack,498000
396,Renault Kwid,2019,51237,2,PETROL,TS-15,Automatic,HatchBack,449000
397,Renault Kwid,2016,89494,2,PETROL,GJ-17,Manual,HatchBack,232000
398,Maruti Wagon R 1.0,2018,30769,1,CNG,MH-02,Manual,HatchBack,410000
399,Maruti Swift,2015,64751,1,DIESEL,MH-03,Manual,HatchBack,487650
400,Renault Kiger,2021,15105,2,PETROL,KA-04,Manual,HatchBack,766000
401,Hyundai Xcent,2018,42266,2,PETROL,TN-22,Manual,Sedan,547000
402,Honda Amaze,2015,37243,1,DIESEL,WB-02,Automatic,Sedan,891000
403,Hyundai Verna,2013,76915,2,PETROL,HR-26,Manual,Sedan,409000
404,Hyundai i20 Active,2019,96408,1,DIESEL,TS-11,Manual,HatchBack,803000
405,Hyundai Elite i20,2015,72961,1,PETROL,KA-51,Manual,HatchBack,649000
406,Hyundai NEW SANTRO,2021,40964,1,PETROL,WB-08,Manual,HatchBack,485000
407,Hyundai Elite i20,2019,51237,1,PETROL,HR-26,Manual,HatchBack,735000
408,Honda Brio,2013,67656,2,PETROL,DL-1C,Manual,HatchBack,260000
409,Maruti Swift Dzire,2016,90480,1,PETROL,UP-32,Manual,Sedan,677000
410,Maruti Alto 800,2015,19819,2,PETROL,KL-29,Manual,HatchBack,302000
411,Maruti Alto 800,2016,22042,1,PETROL,KA-02,Manual,HatchBack,296000
412,Maruti Ciaz,2018,116881,1,PETROL,,Manual,Sedan,537000
413,Hyundai Xcent,2018,31133,1,PETROL,DL-8C,Manual,Sedan,568000
414,Maruti Alto,2020,35375,1,PETROL,TN-12,Manual,HatchBack,393000
415,Maruti Baleno,2019,27310,2,PETROL,RJ-45,Manual,HatchBack,707000
416,Maruti Baleno,2019,21202,1,PETROL,DL-8C,Manual,HatchBack,655000
417,Maruti Swift Dzire,2016,39991,1,PETROL,TS-07,Manual,Sedan,540000
418,Hyundai Verna,2021,71137,2,DIESEL,MH-14,Manual,Sedan,393000
419,Maruti Wagon R 1.0,2017,59340,1,CNG,MH-43,Manual,HatchBack,378000
420,Honda City,2015,100774,3,DIESEL,KA-16,Manual,Sedan,553000
421,Maruti Wagon R 1.0,2013,30418,2,PETROL,TN-06,Manual,HatchBack,327000
422,Hyundai Grand i10,2017,32367,1,PETROL,MP-04,Manual,HatchBack,467000
423,Hyundai New Elantra,2016,99120,1,DIESEL,KA-02,Automatic,Lux_sedan,939000
424,Maruti Wagon R 1.0,2013,30906,1,PETROL,MH-16,Manual,HatchBack,300000
425,Hyundai i20,2010,67473,2,PETROL,DL-3C,Manual,HatchBack,163000
426,Maruti Baleno,2017,13053,1,PETROL,HR-26,Manual,HatchBack,592000
427,Tata Tiago,2016,10215,1,PETROL,TS-08,Manual,HatchBack,452000
428,Honda BR-V,2019,46532,1,DIESEL,UP-16,Manual,SUV,928000
429,Hyundai Elite i20,2018,97274,1,DIESEL,TS-07,Manual,HatchBack,768000
430,Hyundai NEW SANTRO,2019,80968,1,CNG,HR-36,Manual,HatchBack,489000
431,Hyundai AURA,2020,51452,1,DIESEL,UP-32,Manual,Sedan,687000
432,Maruti Swift,2014,56753,2,PETROL,HR-51,Manual,HatchBack,453000
433,Honda Brio,2015,18554,1,PETROL,MH-43,Manual,HatchBack,363000
434,Maruti Celerio,2019,38439,1,PETROL,RJ-51,Manual,HatchBack,443000
435,Honda Amaze,2019,16645,1,PETROL,DL-10,Manual,Sedan,729000
436,Maruti Baleno,2021,22521,1,PETROL,MP-09,Manual,HatchBack,717000
437,Maruti Ertiga,2014,52106,1,PETROL,MH-05,Manual,SUV,627000
438,Maruti New Wagon-R,2021,31320,1,PETROL,TS-19,Automatic,HatchBack,675000
439,Honda City,2016,78752,2,DIESEL,KA-41,Automatic,Sedan,640000
440,Maruti Wagon R 1.0,2015,70766,1,PETROL,DL-8C,Manual,HatchBack,308000
441,Renault Kwid,2019,25085,1,PETROL,DL-3C,Manual,HatchBack,363000
442,Maruti New Wagon-R,2021,36430,1,CNG,UP-78,Manual,HatchBack,566000
443,Toyota Corolla Altis,2017,96186,3,CNG,GJ-01,Automatic,Lux_sedan,944000
444,Maruti Baleno,2019,25387,2,PETROL,GJ-06,Automatic,HatchBack,673000
445,Maruti Swift,2015,60559,1,PETROL,RJ-14,Manual,HatchBack,434000
446,Maruti Celerio,2016,69437,3,PETROL,TN-11,Manual,HatchBack,399000
447,Volkswagen Polo,2016,90305,1,PETROL,TN-23,Manual,HatchBack,559000
448,Maruti IGNIS,2018,89322,1,CNG,GJ-27,Manual,HatchBack,467000
449,Maruti Swift,2018,15466,1,PETROL,KA-05,Automatic,HatchBack,758000
450,Hyundai i10,2010,82416,1,PETROL,KA-03,Manual,HatchBack,291000
451,Ford Ecosport,2015,92975,1,PETROL,DL-10,Automatic,SUV,497000
452,Maruti Alto 800,2016,66948,2,PETROL,TS-15,Manual,HatchBack,257000
453,Maruti Alto,2020,24952,1,PETROL,UP-78,Manual,HatchBack,324200
454,Maruti Swift,2019,95808,1,PETROL,MH-14,Automatic,HatchBack,615000
455,Hyundai i10,2012,29182,2,PETROL,MH-01,Manual,HatchBack,235000
456,Maruti New Wagon-R,2020,51781,1,PETROL,TS-08,Manual,HatchBack,527000
457,Hyundai Grand i10,2015,103089,1,CNG,GJ-06,Manual,HatchBack,421000
458,Tata Harrier,2022,35382,1,DIESEL,GJ-18,Automatic,SUV,1989000
459,Maruti Alto,2021,20759,1,PETROL,TS-29,Manual,HatchBack,389000
460,Maruti A Star,2010,47148,1,PETROL,DL-3C,Manual,HatchBack,164000
461,Renault TRIBER,2019,31661,1,PETROL,TS-07,Manual,SUV,691000
462,Maruti Baleno,2016,43112,1,PETROL,MH-02,Manual,HatchBack,582000
463,Maruti New Wagon-R,2021,44769,1,CNG,UP-78,Manual,HatchBack,606000
464,Hyundai Elite i20,2017,62148,2,PETROL,DL-4C,Manual,HatchBack,476000
465,Tata ALTROZ,2021,15530,1,PETROL,TS-10,Manual,HatchBack,874000
466,Hyundai i20,2014,77526,1,PETROL,KA-04,Manual,HatchBack,535000
467,Renault Kwid,2016,82700,1,PETROL,TN-73,Manual,HatchBack,335000
468,Maruti New Wagon-R,2020,62629,1,CNG,DL-8C,Manual,HatchBack,547000
469,Maruti Swift,2021,21547,2,PETROL,HR-26,Automatic,HatchBack,802000
470,Maruti Swift,2015,69232,1,PETROL,TN-18,Manual,HatchBack,512000
471,Maruti Celerio X,2018,38415,1,PETROL,CH-01,Automatic,HatchBack,541000
472,Maruti Swift,2019,25854,1,PETROL,MP-09,Manual,HatchBack,600000
473,Maruti Swift,2020,8638,1,PETROL,GJ-06,Manual,HatchBack,628000
474,Hyundai i10,2013,57656,1,PETROL,MH-14,Manual,HatchBack,287000
475,Maruti Alto,2019,24888,1,PETROL,TN-57,Manual,HatchBack,394000
476,Maruti Wagon R 1.0,2014,21917,2,PETROL,TN-02,Manual,HatchBack,372000
477,Maruti A Star,2012,47221,2,PETROL,MH-01,Automatic,HatchBack,279000
478,Tata TIGOR,2018,40031,1,PETROL,DL-2C,Manual,Sedan,527000
479,Hyundai Elite i20,2016,44230,2,PETROL,WB-06,Manual,HatchBack,437000
480,Maruti Dzire,2019,40400,1,PETROL,GJ-13,Manual,Sedan,603000
481,Maruti Celerio,2015,74424,3,PETROL,TS-07,Automatic,HatchBack,419000
482,Hyundai Santro Xing,2010,84084,1,PETROL,KA-05,Manual,HatchBack,244000
483,KIA SONET,2021,11425,1,PETROL,UP-16,Manual,SUV,991000
484,Maruti Swift,2017,80776,1,DIESEL,MH-04,Manual,HatchBack,616800
485,Honda Brio,2012,97335,2,PETROL,KA-22,Manual,HatchBack,297000
486,Hyundai Verna,2017,37717,1,PETROL,MH-02,Manual,Sedan,519000
487,Hyundai Grand i10,2017,35707,1,PETROL,MH-12,Manual,HatchBack,519000
488,Hyundai Elite i20,2018,91609,1,PETROL,TN-85,Manual,HatchBack,559000
489,Hyundai i10,2012,88128,3,CNG,GJ-05,Manual,HatchBack,229000
490,Maruti Swift,2018,47004,1,PETROL,MP-09,Manual,HatchBack,586000
491,Maruti New Wagon-R,2021,30766,1,CNG,TS-08,Manual,HatchBack,588000
492,Maruti Swift Dzire,2013,17387,2,PETROL,KA-03,Manual,Sedan,497000
493,Hyundai Eon,2018,26858,1,PETROL,GJ-05,Manual,HatchBack,338000
494,Maruti Alto K10,2016,55446,1,PETROL,HR-26,Manual,HatchBack,326000
495,Honda Amaze,2014,52597,2,PETROL,TS-09,Manual,Sedan,417000
496,Maruti Ciaz,2015,70473,1,DIESEL,UP-14,Manual,Sedan,521000
497,Maruti Baleno,2017,41947,1,PETROL,DL-6C,Manual,HatchBack,549000
498,Maruti Wagon R 1.0,2018,54472,1,CNG,MH-12,Manual,HatchBack,465000
499,Tata Tiago,2020,29600,1,PETROL,MP-04,Manual,HatchBack,477000
500,Maruti Dzire,2017,86017,1,PETROL,TS-10,Manual,Sedan,634000
501,Maruti Celerio,2015,68755,3,CNG,MH-48,Manual,HatchBack,369000
502,Maruti Swift Dzire,2013,44495,1,PETROL,WB-02,Manual,Sedan,310000
503,Honda Amaze,2016,46411,1,PETROL,DL-9C,Manual,Sedan,456000
504,Maruti Swift Dzire,2013,55432,1,PETROL,DL-4C,Manual,Sedan,218000
505,Tata Tiago,2018,46139,2,PETROL,KA-03,Manual,HatchBack,510000
506,Mahindra Thar,2021,10290,2,PETROL,TS-07,Automatic,SUV,1711000
507,Maruti Swift,2018,90804,1,PETROL,KA-51,Manual,HatchBack,628000
508,Datsun Redi Go,2021,3635,1,PETROL,PB-02,Manual,HatchBack,411000
509,Honda Brio,2016,27699,1,PETROL,PB-10,Automatic,HatchBack,467000
510,Hyundai Eon,2013,89559,1,PETROL,AP-28,Manual,HatchBack,233000
511,Hyundai NEW SANTRO,2021,24565,1,CNG,HR-26,Manual,HatchBack,514000
512,Maruti Ciaz,2017,64130,2,PETROL,KA-06,Manual,Sedan,790000
513,Honda WR-V,2018,44004,2,DIESEL,TN-07,Manual,SUV,739000
514,Hyundai Elite i20,2018,39478,1,PETROL,TS-13,Manual,HatchBack,740000
515,Maruti Swift,2017,84289,2,PETROL,TN-07,Manual,HatchBack,538000
516,Maruti Baleno,2021,37288,1,PETROL,CH-01,Manual,HatchBack,710000
517,Volkswagen Polo,2016,66057,2,PETROL,MH-03,Automatic,HatchBack,569000
518,Honda Jazz,2017,66075,1,DIESEL,WB-02,Manual,HatchBack,389000
519,Honda Brio,2014,66051,1,PETROL,DL-3C,Manual,HatchBack,307000
520,Maruti Vitara Brezza,2018,43109,1,DIESEL,DL-3C,Manual,SUV,682000
521,Toyota Glanza,2019,20361,1,PETROL,DL-8C,Manual,HatchBack,709000
522,Hyundai Grand i10,2019,20552,1,PETROL,UP-78,Manual,HatchBack,531000
523,Hyundai Grand i10,2016,32594,1,PETROL,HR-26,Manual,HatchBack,461000
524,Maruti Swift,2018,50479,2,PETROL,RJ-45,Manual,HatchBack,533000
525,Maruti Wagon R 1.0,2015,21598,1,PETROL,MH-47,Manual,HatchBack,358000
526,Maruti Celerio,2016,61337,1,PETROL,TS-08,Automatic,HatchBack,431000
527,Maruti Baleno,2019,47935,1,PETROL,HR-26,Manual,HatchBack,553000
528,Maruti Vitara Brezza,2016,99232,1,DIESEL,KA-50,Manual,SUV,830000
529,Hyundai Grand i10,2017,44390,1,PETROL,TS-07,Manual,HatchBack,553000
530,Hyundai Elite i20,2017,63899,1,PETROL,CH-01,Manual,HatchBack,574000
531,Maruti Celerio,2022,8143,1,PETROL,MP-04,Manual,HatchBack,624000
532,Maruti Wagon R 1.0,2016,46335,2,PETROL,TS-08,Manual,HatchBack,371000
533,Maruti Baleno,2017,28584,1,PETROL,GJ-18,Manual,HatchBack,581000
534,Mahindra XUV500,2017,79282,2,DIESEL,GJ-23,Automatic,Lux_SUV,1007000
535,Honda WR-V,2017,81348,1,DIESEL,TN-05,Manual,SUV,704000
536,Maruti Alto,2011,14359,2,PETROL,DL-3C,Manual,HatchBack,188000
537,Maruti Dzire,2018,55864,1,PETROL,MH-12,Manual,Sedan,594000
538,Maruti Zen Estilo,2012,15432,1,PETROL,DL-3C,Manual,HatchBack,195000
539,Renault Kwid,2021,17102,1,PETROL,MH-29,Manual,HatchBack,430000
540,Hyundai NEW SANTRO,2019,48344,1,CNG,HR-51,Manual,HatchBack,567000
541,Maruti Swift,2011,74040,2,PETROL,DL-8C,Manual,HatchBack,191000
542,Hyundai i10,2010,83410,3,PETROL,AP-09,Automatic,HatchBack,287000
543,Hyundai NEW I20 N LINE,2021,23899,1,PETROL,TN-12,Automatic,HatchBack,1164000
544,Maruti Ciaz,2017,36611,1,PETROL,GJ-06,Manual,Sedan,756000
545,Maruti Alto K10,2016,29034,2,CNG,PB-13,Manual,HatchBack,335000
546,Renault Kwid,2017,47400,2,PETROL,TN-64,Automatic,HatchBack,378000
547,Honda City,2018,55536,1,PETROL,DL-1C,Manual,Sedan,210000
548,Hyundai Grand i10,2015,70864,1,PETROL,KA-02,Automatic,HatchBack,547000
549,Toyota Corolla Altis,2014,65829,1,PETROL,MH-12,Automatic,Lux_sedan,807000
550,Maruti Swift,2016,10887,1,PETROL,KA-04,Manual,HatchBack,675000
551,Tata Tiago,2018,41852,2,PETROL,UP-32,Manual,HatchBack,404000
552,Hyundai Eon,2016,74129,1,PETROL,KA-51,Manual,HatchBack,313000
553,Honda City,2013,96271,1,PETROL,DL-3C,Manual,Sedan,395000
554,Tata Tiago,2020,27518,1,PETROL,TN-14,Manual,HatchBack,610000
555,Tata NEXON,2020,93639,1,DIESEL,GJ-01,Manual,SUV,907000
556,Maruti Baleno,2016,47741,2,PETROL,TS-12,Manual,HatchBack,545000
557,Renault Kwid,2018,53600,3,PETROL,TN-55,Manual,HatchBack,324000
558,Hyundai Grand i10,2014,96601,2,PETROL,HR-12,Manual,HatchBack,328000
559,Hyundai Grand i10,2016,30527,1,PETROL,MP-04,Automatic,HatchBack,472000
560,Maruti S Cross,2017,113791,2,DIESEL,GJ-04,Manual,SUV,629000
561,Renault Kwid,2020,44904,2,PETROL,HR-29,Manual,HatchBack,390000
562,Maruti Swift,2018,97229,1,PETROL,RJ-45,Manual,HatchBack,519000
563,Datsun Redi Go,2018,45531,1,PETROL,MH-04,Automatic,HatchBack,338000
564,Hyundai Grand i10,2017,61193,1,DIESEL,MH-15,Manual,HatchBack,588000
565,Renault Kwid,2022,6592,1,PETROL,DL-14,Automatic,HatchBack,562000
566,Maruti Wagon R 1.0,2017,78854,1,CNG,MH-02,Manual,HatchBack,403000
567,Hyundai NEW SANTRO,2022,20113,1,PETROL,GJ-08,Manual,HatchBack,499000
568,Tata Tiago,2021,37301,1,PETROL,BR-01,Automatic,HatchBack,572000
569,Maruti Swift,2012,74268,1,PETROL,KA-51,Manual,HatchBack,398000
570,Maruti Alto 800,2017,74195,1,PETROL,TS-07,Manual,HatchBack,319000
571,Mahindra Bolero,2022,11649,1,DIESEL,BR-31,Manual,SUV,1028000
572,Hyundai i10,2013,69263,2,PETROL,KA-03,Automatic,HatchBack,347000
573,Ford FREESTYLE,2021,9350,1,PETROL,TN-19,Manual,SUV,739000
574,Hyundai AURA,2022,8584,1,PETROL,DL-10,Manual,Sedan,898000
575,Hyundai Creta,2018,37437,1,PETROL,MH-01,Automatic,SUV,1140000
576,Honda BR-V,2017,83623,1,PETROL,TS-07,Automatic,SUV,798000
577,Tata Tiago,2017,110696,1,DIESEL,MP-09,Manual,HatchBack,418000
578,Honda City,2017,40502,1,DIESEL,MP-09,Manual,Sedan,782000
579,Maruti S Cross,2017,99331,2,DIESEL,UP-32,Manual,SUV,577000
580,Hyundai Grand i10,2015,47720,1,PETROL,GJ-01,Manual,HatchBack,441000
581,Maruti Swift,2018,69176,1,PETROL,CH-01,Manual,HatchBack,616000
582,Tata Hexa,2018,77208,1,DIESEL,DL-7C,Automatic,SUV,891000
583,Nissan Micra,2015,75961,1,PETROL,GJ-01,Automatic,HatchBack,312000
584,Maruti Swift,2012,24119,1,PETROL,DL-6C,Manual,HatchBack,314000
585,Honda WR-V,2018,30194,2,PETROL,UP-32,Manual,SUV,612000
586,Hyundai i10,2013,98297,2,PETROL,KA-05,Manual,HatchBack,262000
587,Volkswagen Polo,2018,63221,2,PETROL,GJ-05,Manual,HatchBack,531000
588,Volkswagen Polo,2017,83286,1,PETROL,GJ-01,Manual,HatchBack,535000
589,Maruti Wagon R 1.0,2018,35496,1,CNG,MH-47,Manual,HatchBack,436000
590,Maruti Dzire,2019,65664,1,PETROL,MH-03,Automatic,Sedan,613000
591,Maruti Baleno,2019,105614,1,PETROL,,Manual,HatchBack,656000
592,Hyundai Verna,2012,44784,3,PETROL,AP-09,Manual,Sedan,447000
593,Tata NEXON,2018,61107,2,DIESEL,GJ-05,Automatic,SUV,772000
594,Maruti Wagon R 1.0,2016,71761,1,PETROL,MH-50,Manual,HatchBack,404000
595,Maruti Dzire,2017,67448,2,PETROL,MH-01,Manual,Sedan,637000
596,Hyundai GRAND I10 NIOS,2019,22401,1,PETROL,UP-16,Automatic,HatchBack,692000
597,Maruti IGNIS,2019,40066,1,PETROL,RJ-45,Automatic,HatchBack,541000
598,Maruti XL6,2022,10259,1,PETROL,PB-65,Automatic,SUV,1396000
599,Toyota Corolla Altis,2010,69278,2,PETROL,DL-4C,Manual,Lux_sedan,234000
600,Honda Civic,2020,42457,1,PETROL,KA-22,Automatic,Sedan,1709000
601,Hyundai Grand i10,2017,66080,1,PETROL,TN-11,Manual,HatchBack,515000
602,Datsun Redi Go,2021,12199,1,PETROL,KL-08,Manual,HatchBack,415000
603,Maruti Swift,2017,39046,1,PETROL,HR-76,Manual,HatchBack,510000
604,Hyundai Verna,2018,47897,1,DIESEL,GJ-18,Manual,Sedan,1179000
605,Hyundai NEW SANTRO,2019,12713,1,PETROL,UP-78,Manual,HatchBack,444000
606,Maruti Wagon R 1.0,2018,41338,2,CNG,GJ-36,Automatic,HatchBack,471000
607,Renault Duster,2018,75114,2,DIESEL,HR-26,Automatic,SUV,705000
608,Maruti Wagon R 1.0,2017,88437,1,PETROL,GJ-01,Manual,HatchBack,370000
609,Maruti S PRESSO,2021,24447,1,CNG,UP-32,Manual,HatchBack,554000
610,Tata NEXON,2021,13767,1,PETROL,TN-73,Automatic,SUV,1143000
611,Tata ALTROZ,2021,35172,1,PETROL,KA-05,Manual,HatchBack,672000
612,Hyundai Grand i10,2016,71822,2,PETROL,MH-12,Automatic,HatchBack,535000
613,Maruti Swift,2018,61212,2,DIESEL,GJ-03,Manual,HatchBack,674000
614,Hyundai NEW I20,2022,17575,1,PETROL,MH-03,Manual,HatchBack,1042000
615,Toyota YARIS,2018,22528,2,PETROL,KA-01,Automatic,Sedan,704000
616,Maruti S Cross,2020,5574,1,PETROL,UP-14,Manual,SUV,1021000
617,Hyundai Creta,2017,63613,1,PETROL,TS-09,Automatic,SUV,1017000
618,Maruti New Wagon-R,2019,35732,2,CNG,HR-29,Manual,HatchBack,507000
619,Hyundai Creta,2018,38650,1,DIESEL,HR-26,Automatic,SUV,1106000
620,Honda Jazz,2017,29558,1,PETROL,MH-05,Automatic,HatchBack,587000
621,Mahindra XUV500,2018,38130,2,DIESEL,DL-12,Automatic,Lux_SUV,1156000
622,Hyundai Eon,2017,25039,1,PETROL,DL-12,Manual,HatchBack,292000
623,Honda CRV,2017,53014,1,PETROL,GJ-06,Automatic,Lux_SUV,1193000
624,Maruti Baleno,2016,63142,1,PETROL,GJ-15,Manual,HatchBack,496000
625,Renault Kwid,2016,47471,2,PETROL,TN-03,Manual,HatchBack,336000
626,Hyundai i10,2010,91194,3,PETROL,MH-01,Manual,HatchBack,174000
627,Maruti Wagon R 1.0,2018,40437,1,CNG,MH-43,Manual,HatchBack,428000
628,Hyundai VENUE,2019,88515,1,DIESEL,HR-29,Manual,SUV,809000
629,Renault TRIBER,2020,89824,1,PETROL,TS-33,Manual,SUV,630000
630,Nissan Micra,2018,51507,2,PETROL,KL-41,Automatic,HatchBack,584000
631,Maruti Baleno,2017,77995,1,PETROL,KA-53,Automatic,HatchBack,753000
632,Maruti S PRESSO,2021,16563,1,PETROL,PB-27,Manual,HatchBack,462000
633,Hyundai i20 Active,2015,95852,2,PETROL,MH-31,Manual,HatchBack,506000
634,Maruti Alto 800,2017,45385,1,CNG,MH-12,Manual,HatchBack,346000
635,Mahindra KUV 100 NXT,2017,68942,2,PETROL,WB-08,Manual,SUV,436000
636,Maruti Swift,2015,43563,1,PETROL,MH-06,Manual,HatchBack,462700
637,Maruti Swift,2016,47771,1,DIESEL,UP-14,Manual,HatchBack,428000
638,Hyundai Grand i10,2015,25617,1,PETROL,KA-53,Manual,HatchBack,502000
639,Hyundai Elite i20,2016,35690,2,PETROL,DL-9C,Manual,HatchBack,535000
640,Hyundai Grand i10,2013,84969,2,DIESEL,AP-28,Manual,HatchBack,414000
641,Honda City,2014,47361,1,PETROL,PB-08,Manual,Sedan,579000
642,Maruti Swift,2015,52763,1,PETROL,MH-20,Manual,HatchBack,498000
643,Toyota YARIS,2020,50574,1,PETROL,MH-31,Manual,Sedan,836000
644,Maruti Baleno,2018,42622,1,DIESEL,DL-10,Manual,HatchBack,565000
645,Maruti Alto 800,2014,31933,2,PETROL,AP-28,Manual,HatchBack,277000
646,Maruti Alto K10,2019,33197,1,PETROL,UP-78,Manual,HatchBack,334000
647,Ford Ecosport,2017,72091,2,PETROL,GJ-06,Manual,SUV,617000
648,Renault Kwid,2021,26755,1,PETROL,KA-19,Automatic,HatchBack,564000
649,Maruti Swift Dzire,2012,60351,1,PETROL,UP-16,Manual,Sedan,506000
650,Hyundai Grand i10,2019,60019,1,CNG,GJ-01,Manual,HatchBack,551000
651,Maruti Ciaz,2016,84335,1,DIESEL,GJ-27,Manual,Sedan,555000
652,Hyundai Creta,2017,82642,2,DIESEL,GJ-01,Automatic,SUV,1029000
653,Maruti New Wagon-R,2019,95841,1,CNG,DL-2C,Manual,HatchBack,492000
654,Maruti Dzire,2018,73636,1,CNG,GJ-01,Automatic,Sedan,657000
655,Hyundai Elite i20,2020,44394,1,PETROL,HR-51,Manual,HatchBack,669000
656,Maruti Swift,2012,29056,1,PETROL,MH-04,Manual,HatchBack,338000
657,Hyundai Grand i10,2019,17925,1,PETROL,HR-26,Manual,HatchBack,518000
658,Hyundai Verna,2013,45232,1,PETROL,KA-53,Manual,Sedan,556000
659,Maruti Swift,2015,83590,2,PETROL,MH-43,Manual,HatchBack,448000
660,Maruti New Wagon-R,2021,32678,2,CNG,MH-46,Manual,HatchBack,602000
661,Maruti Wagon R 1.0,2016,51428,1,PETROL,GJ-06,Automatic,HatchBack,421000
662,Volkswagen Vento,2015,55652,1,PETROL,KA-25,Manual,Sedan,521000
663,Tata Tiago,2017,64226,2,PETROL,TS-10,Automatic,HatchBack,522000
664,Maruti Alto 800,2018,93264,2,PETROL,TS-08,Manual,HatchBack,254000
665,Maruti Alto 800,2017,21716,1,PETROL,TN-10,Manual,HatchBack,319000
666,Tata ALTROZ,2021,31750,2,PETROL,TS-09,Manual,HatchBack,794000
667,Maruti Baleno,2018,17328,2,PETROL,DL-9C,Manual,HatchBack,645000
668,Hyundai Elite i20,2014,48192,1,PETROL,DL-3C,Manual,HatchBack,474000
669,Hyundai Grand i10,2017,35617,1,PETROL,GJ-03,Manual,HatchBack,550000
670,Ford Ecosport,2018,45730,1,DIESEL,DL-12,Manual,SUV,720000
671,Toyota Innova,2014,85512,2,DIESEL,MH-12,Manual,SUV,917000
672,Maruti Vitara Brezza,2022,22783,2,PETROL,PB-10,Manual,SUV,868000
673,Skoda Rapid,2018,34715,2,PETROL,TN-09,Manual,Sedan,610000
674,Maruti Wagon R 1.0,2014,64500,1,CNG,MH-02,Manual,HatchBack,349000
675,Renault Kwid,2022,4139,1,PETROL,GJ-01,Manual,HatchBack,551000
676,Honda Amaze,2016,48185,1,PETROL,DL-10,Manual,Sedan,516000
677,Hyundai Grand i10,2018,38426,1,PETROL,KA-03,Manual,HatchBack,566000
678,Maruti Swift Dzire,2011,57508,1,DIESEL,AP-29,Manual,Sedan,500000
679,Maruti Ciaz,2020,95141,1,DIESEL,TN-18,Manual,Sedan,796000
680,Datsun Go,2016,67429,1,PETROL,TS-10,Manual,HatchBack,300000
681,Mahindra XUV500,2015,96816,2,DIESEL,GJ-06,Manual,Lux_SUV,782000
682,Honda Amaze,2013,104067,1,PETROL,,Manual,Sedan,352000
683,Volkswagen Polo,2019,31753,2,PETROL,GJ-17,Manual,HatchBack,541000
684,Honda City,2014,43865,2,DIESEL,GJ-06,Manual,Sedan,722000
685,Maruti Alto K10,2012,57050,1,PETROL,KA-04,Manual,HatchBack,247000
686,Maruti Baleno,2017,73369,2,PETROL,TN-11,Automatic,HatchBack,605000
687,Maruti Baleno,2016,65466,1,PETROL,GJ-06,Manual,HatchBack,517000
688,Maruti Celerio,2021,31605,1,PETROL,UP-16,Manual,HatchBack,477000
689,Maruti Wagon R Stingray,2016,87908,1,PETROL,TS-13,Manual,HatchBack,426000
690,Maruti Wagon R 1.0,2016,116765,2,PETROL,,Manual,HatchBack,362000
691,Maruti Wagon R 1.0,2016,63881,1,PETROL,DL-5C,Manual,HatchBack,350000
692,Hyundai Elite i20,2015,50476,1,PETROL,KA-05,Manual,HatchBack,673000
693,Maruti Swift,2015,57616,2,PETROL,KA-05,Manual,HatchBack,516000
694,Maruti Alto,2021,23748,1,PETROL,TS-15,Manual,HatchBack,440000
695,Maruti Swift,2018,64509,1,DIESEL,HR-16,Manual,HatchBack,522000
696,Hyundai i20,2010,105007,3,PETROL,,Manual,HatchBack,216000
697,Toyota Etios Liva,2012,106266,2,DIESEL,KA-04,Manual,HatchBack,410000
698,Nissan Micra Active,2018,29593,1,PETROL,MH-12,Manual,HatchBack,409000
699,Maruti Ertiga,2018,67739,1,DIESEL,MH-47,Manual,SUV,913000
700,Hyundai Grand i10,2014,36702,1,PETROL,GJ-05,Manual,HatchBack,393000
701,Maruti Ertiga,2014,73957,1,DIESEL,KA-51,Manual,SUV,795000
702,Maruti Alto,2011,52435,2,PETROL,KA-53,Manual,HatchBack,210000
703,Hyundai Creta,2017,64585,1,PETROL,DL-1C,Manual,SUV,806000
704,Hyundai Elite i20,2017,28830,1,PETROL,DL-4C,Manual,HatchBack,590000
705,Hyundai Creta,2016,78990,1,DIESEL,HR-36,Manual,SUV,746000
706,Maruti Ritz,2011,124712,1,DIESEL,KA-53,Manual,HatchBack,376000
707,Maruti Alto K10,2017,30446,2,PETROL,DL-9C,Manual,HatchBack,305000
708,Honda City,2019,99943,2,PETROL,HR-26,Manual,Sedan,205000
709,Hyundai AURA,2020,42009,1,PETROL,DL-10,Manual,Sedan,649000
710,Hyundai Elite i20,2020,49087,1,PETROL,KA-50,Manual,HatchBack,762000
711,Hyundai i10,2011,33326,1,PETROL,HR-51,Manual,HatchBack,222000
712,Maruti Celerio,2021,61791,1,CNG,MH-46,Manual,HatchBack,535000
713,Hyundai Elite i20,2016,48886,1,PETROL,TN-11,Manual,HatchBack,619000
714,Maruti Celerio,2021,42662,1,CNG,DL-8C,Manual,HatchBack,517000
715,Hyundai i20,2010,87845,1,PETROL,WB-06,Manual,HatchBack,216000
716,Maruti Vitara Brezza,2018,31247,1,DIESEL,UP-14,Manual,SUV,698000
717,Skoda Octavia,2017,97370,2,DIESEL,MH-14,Automatic,Lux_sedan,1313000
718,Maruti Wagon R 1.0,2016,39201,1,PETROL,MH-47,Manual,HatchBack,360000
719,Honda City,2015,23358,2,PETROL,MH-12,Automatic,Sedan,673000
720,Maruti Dzire,2020,113077,1,PETROL,,Automatic,Sedan,719000
721,Maruti New Wagon-R,2021,60266,1,CNG,TS-15,Manual,HatchBack,599000
722,Maruti Swift Dzire,2012,88521,1,PETROL,MH-02,Automatic,Sedan,556000
723,Maruti Swift,2015,62617,1,PETROL,DL-3C,Manual,HatchBack,367000
724,Maruti Alto 800,2019,37817,1,PETROL,RJ-02,Manual,HatchBack,326000
725,Maruti IGNIS,2020,20764,1,PETROL,GJ-07,Manual,HatchBack,504000
726,Nissan MAGNITE,2021,52141,1,PETROL,UP-32,Manual,SUV,759000
727,Maruti Baleno,2019,35545,1,PETROL,TS-10,Manual,HatchBack,772000
728,Honda Jazz,2016,43371,1,PETROL,MH-47,Manual,HatchBack,519000
729,Maruti Ciaz,2016,64162,1,PETROL,HR-26,Manual,Sedan,505000
730,Tata Tiago,2017,69734,1,PETROL,KA-19,Manual,HatchBack,454000
731,Hyundai Grand i10,2016,26923,1,PETROL,KA-03,Manual,HatchBack,522000
732,Maruti Wagon R 1.0,2014,68015,1,PETROL,HR-26,Manual,HatchBack,330000
733,Hyundai NEW I20,2020,18568,1,PETROL,KA-53,Manual,HatchBack,856000
734,Maruti Wagon R 1.0,2014,70510,1,PETROL,TS-09,Manual,HatchBack,339000
735,Tata NEXON,2019,77243,1,PETROL,KA-51,Automatic,SUV,942000
736,Hyundai GRAND I10 NIOS,2021,82169,1,CNG,UP-32,Manual,HatchBack,645000
737,Honda Brio,2016,34456,1,PETROL,MH-03,Manual,HatchBack,366000
738,Hyundai Elite i20,2017,83608,1,PETROL,UP-16,Manual,HatchBack,556000
739,Hyundai Verna,2016,65099,2,PETROL,DL-10,Manual,Sedan,532000
740,Hyundai NEW I20,2021,16659,1,PETROL,PB-10,Automatic,HatchBack,785000
741,Volkswagen Polo,2012,62968,1,PETROL,MH-04,Manual,HatchBack,283000
742,Maruti Swift,2021,7159,1,PETROL,DL-3C,Manual,HatchBack,599000
743,Maruti Swift Dzire,2013,92951,1,DIESEL,MH-01,Manual,Sedan,700000
744,Hyundai NEW I20,2021,35529,1,PETROL,MH-14,Automatic,HatchBack,797000
745,Honda Amaze,2015,104289,1,PETROL,,Manual,Sedan,394000
746,Hyundai i10,2014,62815,2,PETROL,DL-8C,Manual,HatchBack,283000
747,Honda City,2015,51819,1,PETROL,TN-02,Manual,Sedan,795000
748,Honda Amaze,2015,66149,1,PETROL,KA-01,Manual,Sedan,748000
749,Hyundai Creta,2015,65655,1,PETROL,MH-47,Manual,SUV,773000
750,Hyundai Xcent,2014,77696,1,PETROL,MH-49,Manual,Sedan,585000
751,Maruti Ciaz,2018,65759,1,PETROL,KA-20,Automatic,Sedan,959650
752,Maruti Alto K10,2013,62437,2,PETROL,AP-28,Manual,HatchBack,239000
753,Maruti Ertiga,2013,112343,1,PETROL,,Manual,SUV,593000
754,Maruti Ritz,2011,57364,2,PETROL,KA-02,Manual,HatchBack,320000
755,Maruti Ritz,2011,84623,1,PETROL,KA-04,Manual,HatchBack,327000
756,Honda City,2014,102566,2,PETROL,,Automatic,Sedan,356000
757,Renault Kwid,2021,20733,1,PETROL,GJ-05,Automatic,HatchBack,492000
758,Maruti Baleno,2020,54743,1,PETROL,GJ-06,Manual,HatchBack,603000
759,Renault Kwid,2021,20531,1,PETROL,MH-14,Manual,HatchBack,470000
760,Hyundai Grand i10,2015,92736,1,PETROL,KA-09,Manual,HatchBack,473000
761,Hyundai Grand i10,2014,46473,1,PETROL,MH-12,Manual,HatchBack,427000
762,Hyundai Grand i10,2016,35251,2,PETROL,KA-19,Automatic,HatchBack,549000
763,Ford Ecosport,2016,74717,1,PETROL,KL-22,Manual,SUV,522000
764,Maruti Swift,2014,46247,2,PETROL,HR-26,Manual,HatchBack,343000
765,Hyundai Grand i10,2017,22025,2,PETROL,TS-07,Manual,HatchBack,556000
766,Hyundai Grand i10,2016,63976,1,PETROL,GJ-01,Manual,HatchBack,439000
767,Maruti Dzire,2020,87904,1,PETROL,TS-10,Manual,Sedan,706000
768,Maruti Alto,2019,19070,1,PETROL,GJ-03,Manual,HatchBack,359000
769,Hyundai Eon,2012,59377,1,PETROL,MH-12,Manual,HatchBack,258000
770,Hyundai Elite i20,2016,49994,1,PETROL,WB-02,Manual,HatchBack,561000
771,Maruti Celerio,2016,64247,1,PETROL,TN-01,Manual,HatchBack,416000
772,Maruti Vitara Brezza,2018,55927,1,DIESEL,KA-51,Automatic,SUV,960000
773,Renault TRIBER,2019,57406,1,PETROL,HR-10,Manual,SUV,523000
774,Hyundai Elite i20,2017,30534,1,PETROL,KA-53,Manual,HatchBack,690000
775,Maruti Alto,2011,41014,1,PETROL,KA-05,Manual,HatchBack,230000
776,Maruti Wagon R 1.0,2018,25425,1,PETROL,MH-03,Manual,HatchBack,401000
777,Maruti Swift,2010,96216,2,PETROL,UP-16,Manual,HatchBack,189000
778,Hyundai Grand i10,2018,50688,1,PETROL,PB-10,Manual,HatchBack,470000
779,Renault Kwid,2019,52231,1,PETROL,KA-13,Manual,HatchBack,450000
780,Renault Kwid,2017,53128,1,PETROL,KA-41,Manual,HatchBack,388000
781,Hyundai Santro Xing,2011,46496,2,PETROL,KA-03,Manual,HatchBack,258000
782,Maruti Celerio,2020,32760,2,PETROL,TN-03,Manual,HatchBack,467000
783,Maruti Wagon R 1.0,2012,87108,1,CNG,DL-9C,Manual,HatchBack,252000
784,Hyundai Elite i20,2016,57459,1,PETROL,KA-53,Manual,HatchBack,658000
785,Hyundai GRAND I10 NIOS,2020,10335,1,PETROL,TS-08,Automatic,HatchBack,760000
786,Honda City,2013,49586,2,PETROL,KA-03,Manual,Sedan,535000
787,Maruti Baleno,2016,43929,1,PETROL,HR-26,Manual,HatchBack,513000
788,Maruti New Wagon-R,2022,4777,1,PETROL,MH-14,Manual,HatchBack,717000
789,Volkswagen Polo,2016,89240,1,PETROL,TS-08,Manual,HatchBack,439000
790,Renault Kwid,2021,17585,1,PETROL,HR-98,Automatic,HatchBack,485000
791,Ford Ecosport,2016,18965,1,PETROL,KA-01,Automatic,SUV,777000
792,Maruti Ertiga,2012,100479,3,DIESEL,KA-01,Manual,SUV,579000
793,Mahindra XUV 3OO,2019,54443,1,DIESEL,GJ-01,Manual,SUV,860000
794,Maruti Celerio,2015,34665,2,PETROL,MP-09,Manual,HatchBack,307000
795,Maruti Baleno,2016,51976,1,PETROL,TS-07,Manual,HatchBack,558000
796,Maruti Wagon R 1.0,2018,71723,1,CNG,MH-12,Manual,HatchBack,446000
797,Honda City,2019,78332,1,DIESEL,DL-1C,Automatic,Sedan,618000
798,Hyundai Elite i20,2017,48063,1,PETROL,DL-9C,Manual,HatchBack,563000
799,Hyundai Elite i20,2014,39175,1,PETROL,UP-16,Manual,HatchBack,505000
800,Hyundai Elite i20,2018,65441,1,CNG,GJ-06,Manual,HatchBack,579000
801,Honda City,2017,96097,2,DIESEL,KA-03,Automatic,Sedan,611000
802,Maruti New Wagon-R,2019,53481,1,CNG,DL-1C,Manual,HatchBack,533000
803,Maruti Ertiga,2016,93648,2,CNG,MH-47,Manual,SUV,723000
804,Hyundai Grand i10,2019,46622,2,PETROL,TN-60,Manual,HatchBack,501000
805,Ford Ecosport,2018,80250,1,PETROL,HR-51,Automatic,SUV,699000
806,Hyundai Xcent,2014,8767,1,PETROL,MH-46,Manual,Sedan,990000
807,Maruti Celerio,2016,41464,1,PETROL,KA-05,Automatic,HatchBack,520000
808,Maruti Wagon R 1.0,2013,97378,2,CNG,MH-02,Manual,HatchBack,285000
809,Maruti New Wagon-R,2020,66625,1,PETROL,MP-15,Manual,HatchBack,608000
810,Maruti New Wagon-R,2019,29548,1,PETROL,HR-51,Manual,HatchBack,538000
811,Datsun Redi Go,2018,27522,2,PETROL,DL-14,Manual,HatchBack,254000
812,Maruti S PRESSO,2020,10662,1,PETROL,GJ-06,Manual,HatchBack,442000
813,Volkswagen Ameo,2019,58698,1,PETROL,TN-09,Automatic,Sedan,725000
814,Renault TRIBER,2022,2648,1,PETROL,GJ-02,Manual,SUV,806000
815,Honda WR-V,2017,102483,1,DIESEL,KL-63,Manual,SUV,744700
816,Mahindra KUV 100 NXT,2018,61528,2,PETROL,GJ-05,Manual,SUV,382000
817,Maruti Ciaz,2018,39832,2,PETROL,DL-2C,Automatic,Sedan,813000
818,Maruti Swift,2019,56907,1,PETROL,UP-53,Manual,HatchBack,570000
819,Maruti IGNIS,2017,70693,2,PETROL,DL-8C,Manual,HatchBack,432000
820,Maruti Celerio,2017,34665,2,PETROL,TS-25,Manual,HatchBack,451000
821,Hyundai i10,2012,82143,2,PETROL,KA-03,Automatic,HatchBack,349000
822,Toyota Etios Liva,2013,106211,2,DIESEL,HR-30,Manual,HatchBack,308000
823,Hyundai VENUE,2022,6743,1,PETROL,CH-01,Automatic,SUV,1231000
824,Maruti Ciaz,2018,45297,1,PETROL,DL-8C,Manual,Sedan,422000
825,Maruti Alto 800,2015,39615,1,PETROL,HR-72,Manual,HatchBack,257000
826,Honda City,2012,51764,2,PETROL,UP-78,Automatic,Sedan,395000
827,Maruti Dzire,2018,20381,1,PETROL,MH-03,Manual,Sedan,387000
828,Tata ALTROZ,2021,15926,1,PETROL,TN-38,Manual,HatchBack,884000
829,Hyundai Grand i10,2015,71661,1,PETROL,GJ-03,Manual,HatchBack,449000
830,Maruti Wagon R 1.0,2018,44296,2,CNG,MH-05,Manual,HatchBack,431000
831,Hyundai NEW SANTRO,2018,65607,1,PETROL,TN-11,Manual,HatchBack,481000
832,Maruti Alto 800,2014,56722,1,PETROL,PB-10,Manual,HatchBack,251000
833,Maruti Celerio,2020,53570,1,PETROL,HR-26,Manual,HatchBack,421000
834,Hyundai Elite i20,2019,72801,1,PETROL,GJ-01,Manual,HatchBack,613000
835,Honda Amaze,2016,32582,1,PETROL,TN-10,Manual,Sedan,535000
836,Maruti Alto K10,2017,34853,1,PETROL,HR-26,Manual,HatchBack,352000
837,Hyundai i10,2010,83894,2,PETROL,KA-05,Manual,HatchBack,279000
838,Hyundai Creta,2016,80719,1,PETROL,HR-26,Automatic,SUV,845000
839,Volkswagen TIGUAN,2019,52993,1,DIESEL,TS-10,Automatic,Lux_SUV,1907000
840,Hyundai i10,2010,48667,2,PETROL,AP-28,Manual,HatchBack,270000
841,Hyundai Santro Xing,2014,77426,1,PETROL,KA-32,Manual,HatchBack,295000
842,Hyundai i10,2015,60638,2,PETROL,TS-09,Manual,HatchBack,385000
843,Toyota Glanza,2019,63600,1,PETROL,PB-02,Automatic,HatchBack,819000
844,Nissan Micra Active,2017,44639,2,PETROL,WB-02,Manual,HatchBack,313000
845,Ford Ecosport,2017,51665,1,DIESEL,HR-34,Manual,SUV,625000
846,Maruti Wagon R 1.0,2014,33230,1,PETROL,KA-51,Manual,HatchBack,366000
847,Maruti Swift,2018,56410,1,PETROL,KA-50,Automatic,HatchBack,702000
848,Maruti Ertiga,2016,97166,1,DIESEL,GJ-36,Manual,SUV,741000
849,Hyundai Santro Xing,2011,94852,1,PETROL,BR-01,Manual,HatchBack,150000
850,Honda Jazz,2017,69054,1,PETROL,KA-05,Automatic,HatchBack,675000
851,Maruti Alto,2021,26771,1,CNG,HR-30,Manual,HatchBack,414000
852,Maruti Wagon R 1.0,2014,80360,1,CNG,GJ-05,Manual,HatchBack,295000
853,Renault Duster,2016,54475,1,DIESEL,HR-26,Manual,SUV,497000
854,Honda Amaze,2017,54561,2,PETROL,KA-51,Automatic,Sedan,822000
855,Hyundai Creta,2016,71521,1,PETROL,WB-02,Manual,SUV,677000
856,Honda Brio,2012,53300,2,PETROL,MH-48,Manual,HatchBack,264000
857,Maruti S PRESSO,2021,7273,1,PETROL,GJ-07,Manual,HatchBack,480000
858,Datsun Go,2017,50602,1,PETROL,TS-08,Manual,HatchBack,310000
859,Hyundai VENUE,2021,45930,1,PETROL,GJ-21,Manual,SUV,929000
860,Hyundai Elite i20,2017,48285,1,PETROL,KA-51,Manual,HatchBack,706000
861,Tata TIGOR,2019,16633,1,PETROL,KA-02,Manual,Sedan,838800
862,Maruti Alto K10,2018,92090,1,PETROL,TS-07,Manual,HatchBack,311000
863,Maruti IGNIS,2017,30125,2,PETROL,HR-26,Manual,HatchBack,448000
864,Hyundai Verna,2018,15504,1,PETROL,MH-43,Automatic,Sedan,790000
865,Datsun Redi Go,2019,21541,1,PETROL,TN-03,Manual,HatchBack,322000
866,Maruti IGNIS,2019,39504,2,PETROL,HR-03,Automatic,HatchBack,589000
867,Maruti Alto K10,2012,30029,1,PETROL,HR-23,Manual,HatchBack,201650
868,Maruti Dzire,2017,42231,1,PETROL,DL-10,Automatic,Sedan,909000
869,Toyota Etios,2011,76969,1,PETROL,DL-3C,Manual,Sedan,265000
870,Datsun Redi Go,2016,31663,2,PETROL,KA-53,Manual,HatchBack,253000
871,Hyundai i20,2013,77289,1,PETROL,KA-05,Manual,HatchBack,416000
872,Maruti Swift,2015,78110,1,PETROL,GJ-05,Manual,HatchBack,464000
873,Maruti Wagon R 1.0,2014,78125,1,PETROL,HR-26,Manual,HatchBack,258000
874,Hyundai Xcent,2018,8828,1,PETROL,KA-51,Automatic,Sedan,892250
875,Maruti Baleno,2019,53360,1,PETROL,HR-29,Manual,HatchBack,584000
876,Maruti Alto 800,2017,83251,1,PETROL,GJ-01,Manual,HatchBack,314000
877,Hyundai GRAND I10 NIOS,2020,29765,2,PETROL,TS-03,Manual,HatchBack,692000
878,Renault Kiger,2021,16082,1,PETROL,KA-04,Automatic,HatchBack,1003000
879,Hyundai Creta,2018,80448,1,DIESEL,HR-26,Automatic,SUV,1133000
880,Maruti Baleno,2021,22474,1,PETROL,BR-01,Automatic,HatchBack,840000
881,Renault Kwid,2018,88437,1,PETROL,GJ-07,Automatic,HatchBack,337000
882,Maruti Alto K10,2015,110874,1,PETROL,,Manual,HatchBack,239000
883,Maruti S PRESSO,2019,55685,2,PETROL,UP-32,Manual,HatchBack,366000
884,Renault Duster,2017,49576,2,PETROL,KA-02,Manual,SUV,735000
885,Maruti Ciaz,2021,57566,1,PETROL,WB-02,Manual,Sedan,355000
886,Tata Tiago,2019,122381,1,CNG,HR-36,Manual,HatchBack,420000
887,Toyota Corolla Altis,2017,49543,1,PETROL,CH-01,Manual,Lux_sedan,982000
888,Maruti Swift,2019,63772,1,PETROL,UP-37,Manual,HatchBack,523000
889,Maruti Alto 800,2018,41226,2,PETROL,PB-10,Manual,HatchBack,313000
890,Maruti Vitara Brezza,2019,45144,1,DIESEL,DL-9C,Automatic,SUV,850000
891,Honda Jazz,2016,68927,1,PETROL,DL-12,Manual,HatchBack,566000
892,Maruti Swift,2015,53338,1,PETROL,MH-14,Manual,HatchBack,458000
893,Honda Brio,2013,50574,1,PETROL,DL-8C,Manual,HatchBack,271000
894,Maruti Celerio,2018,44110,2,CNG,MH-12,Manual,HatchBack,530000
895,Maruti Vitara Brezza,2018,81601,1,DIESEL,UP-14,Manual,SUV,713000
896,Hyundai i10,2010,72351,2,PETROL,TN-06,Manual,HatchBack,235000
897,Maruti Alto 800,2015,32914,1,PETROL,MH-31,Manual,HatchBack,255000
898,Hyundai Grand i10,2015,60691,2,PETROL,KA-26,Manual,HatchBack,511000
899,Hyundai Verna,2016,111238,1,PETROL,,Manual,Sedan,418000
900,Tata NEXON,2018,95268,1,DIESEL,HR-10,Manual,SUV,692000
901,Maruti Wagon R 1.0,2017,55827,1,PETROL,DL-6C,Manual,HatchBack,351000
902,Maruti Dzire,2018,51149,1,PETROL,DL-3C,Automatic,Sedan,499000
903,Maruti Swift,2017,79697,1,PETROL,HR-30,Manual,HatchBack,420000
904,Hyundai Creta,2017,99215,1,DIESEL,TS-02,Automatic,SUV,1154000
905,Maruti Ertiga,2019,34867,1,PETROL,GJ-27,Manual,SUV,934000
906,Skoda Rapid,2015,93424,2,DIESEL,KA-01,Automatic,Sedan,533000
907,Maruti Dzire,2017,7245,1,PETROL,KL-01,Manual,Sedan,684000
908,Hyundai NEW SANTRO,2019,17303,2,PETROL,DL-8C,Automatic,HatchBack,475000
909,Volkswagen Polo,2018,27132,1,PETROL,DL-10,Manual,HatchBack,612000
910,Datsun Redi Go,2020,17587,1,PETROL,RJ-02,Manual,HatchBack,387000
911,Maruti Baleno,2017,38964,1,PETROL,MH-14,Manual,HatchBack,616000
912,Maruti Swift,2015,54680,1,DIESEL,KA-03,Manual,HatchBack,726000
913,Hyundai Creta,2016,93104,1,PETROL,TS-07,Automatic,SUV,1011000
914,Hyundai Creta,2018,26597,2,PETROL,MH-02,Manual,SUV,865000
915,Maruti Baleno,2018,57720,2,PETROL,MH-02,Manual,HatchBack,575000
916,Maruti Celerio,2021,57940,1,CNG,HR-13,Manual,HatchBack,493000
917,Tata Tiago,2020,38602,1,PETROL,CH-01,Automatic,HatchBack,583000
918,Maruti Alto,2020,28952,1,PETROL,PB-08,Manual,HatchBack,354000
919,Hyundai Elite i20,2015,90327,1,DIESEL,TS-08,Manual,HatchBack,547000
920,Maruti Alto K10,2014,46041,1,PETROL,HR-26,Manual,HatchBack,271000
921,Maruti Swift,2016,93785,1,PETROL,TS-07,Manual,HatchBack,595000
922,Hyundai Elite i20,2019,9169,2,PETROL,MH-04,Manual,HatchBack,609000
923,Honda Jazz,2017,100102,1,PETROL,,Manual,HatchBack,399000
924,Maruti Swift,2012,113179,1,PETROL,,Manual,HatchBack,290000
925,Toyota Etios,2011,46849,1,PETROL,MP-09,Manual,Sedan,287000
926,Maruti Alto,2022,9764,1,PETROL,KL-82,Manual,HatchBack,385000
927,Maruti Alto,2019,70106,2,PETROL,CH-01,Manual,HatchBack,316000
928,Maruti Baleno,2016,105224,2,PETROL,,Manual,HatchBack,636000
929,Hyundai VENUE,2020,22814,2,PETROL,KA-51,Manual,SUV,927000
930,Honda City,2020,49189,1,PETROL,TN-15,Manual,Sedan,492000
931,Maruti Dzire,2020,58817,2,PETROL,TS-28,Manual,Sedan,714000
932,Maruti Celerio,2015,62728,1,PETROL,KA-04,Automatic,HatchBack,483000
933,Maruti Celerio,2015,37160,1,PETROL,MH-01,Manual,HatchBack,361000
934,Hyundai AURA,2021,3525,1,PETROL,WB-26,Manual,Sedan,685000
935,Maruti Swift,2019,10519,1,PETROL,WB-26,Manual,HatchBack,571000
936,Hyundai Creta,2016,75598,2,PETROL,KA-05,Automatic,SUV,939000
937,Hyundai Elite i20,2017,49229,1,PETROL,TS-07,Manual,HatchBack,663000
938,Maruti Swift,2021,17273,1,PETROL,TN-06,Manual,HatchBack,856000
939,Honda Jazz,2021,53546,1,PETROL,MH-46,Automatic,HatchBack,828000
940,Hyundai Grand i10,2017,86921,1,CNG,GJ-18,Manual,HatchBack,520000
941,Maruti Baleno,2019,44561,1,PETROL,DL-10,Manual,HatchBack,633000
942,Maruti Wagon R 1.0,2015,87375,1,PETROL,MH-40,Manual,HatchBack,331000
943,Maruti Dzire,2019,54123,1,PETROL,TS-08,Automatic,Sedan,750000
944,Renault TRIBER,2020,29900,1,PETROL,RJ-21,Manual,SUV,512000
945,Maruti IGNIS,2017,26530,1,PETROL,MH-47,Manual,HatchBack,488000
946,Maruti Alto 800,2018,66297,1,PETROL,MH-15,Manual,HatchBack,321000
947,Mahindra Thar,2019,42221,1,DIESEL,UP-16,Manual,SUV,774000
948,Tata Zest,2014,23990,2,PETROL,MH-02,Automatic,Sedan,785000
949,Hyundai AURA,2020,103651,2,DIESEL,TN-22,Manual,Sedan,544000
950,Maruti Swift,2015,70706,1,PETROL,DL-8C,Manual,HatchBack,374000
951,Hyundai NEW SANTRO,2019,43172,2,CNG,MH-48,Manual,HatchBack,451000
952,Maruti Zen Estilo,2011,87929,1,PETROL,DL-3C,Manual,HatchBack,167000
953,Maruti Alto,2019,27760,1,PETROL,HR-19,Manual,HatchBack,314000
954,Volkswagen Vento,2012,94158,2,PETROL,MH-31,Manual,Sedan,260000
955,Maruti Wagon R 1.0,2012,36278,2,PETROL,KA-41,Manual,HatchBack,324000
956,Hyundai Grand i10,2017,85374,1,PETROL,RJ-14,Manual,HatchBack,418000
957,Honda City,2010,110360,2,PETROL,,Manual,Sedan,250000
958,Tata PUNCH,2022,3750,1,PETROL,GJ-19,Automatic,SUV,879000
959,Hyundai Elite i20,2017,44783,1,CNG,DL-8C,Manual,HatchBack,528000
960,Maruti Wagon R 1.0,2012,61504,1,PETROL,DL-2C,Manual,HatchBack,220000
961,Maruti Wagon R 1.0,2016,58760,1,PETROL,GJ-27,Automatic,HatchBack,423000
962,Hyundai Verna,2018,49381,1,PETROL,TS-08,Manual,Sedan,704000
963,Maruti Swift,2013,36750,1,PETROL,DL-2C,Manual,HatchBack,307000
964,Ford Ecosport,2019,22276,1,PETROL,MH-04,Manual,SUV,813000
965,Honda City,2012,21628,1,PETROL,WB-26,Manual,Sedan,819000
966,Maruti Swift,2021,23797,1,PETROL,MH-12,Manual,HatchBack,730000
967,Hyundai Xcent,2017,58132,1,PETROL,WB-02,Automatic,Sedan,788000
968,Volkswagen Polo,2017,86757,2,PETROL,KA-01,Manual,HatchBack,643000
969,Maruti Alto K10,2011,23584,1,PETROL,DL-8C,Manual,HatchBack,188000
970,Maruti Celerio,2014,38275,1,PETROL,KA-05,Manual,HatchBack,381000
971,Maruti Ritz,2013,84257,1,DIESEL,MH-49,Manual,HatchBack,369000
972,Honda WR-V,2017,67681,1,DIESEL,KA-01,Manual,SUV,739000
973,Maruti Swift,2012,115917,3,DIESEL,MH-14,Manual,HatchBack,391000
974,Volkswagen Vento,2017,44446,1,PETROL,GJ-01,Manual,Sedan,563000
975,Maruti Wagon R 1.0,2012,42217,2,PETROL,TS-08,Manual,HatchBack,331000
976,Honda Amaze,2018,33792,1,PETROL,KA-19,Manual,Sedan,716000
977,Maruti Alto,2010,49983,1,PETROL,HR-24,Manual,HatchBack,149000
978,Maruti Alto 800,2018,79671,1,PETROL,GJ-26,Manual,HatchBack,277000
979,Maruti Swift,2016,66224,1,DIESEL,UP-14,Manual,HatchBack,455000
980,Maruti Ciaz,2019,101063,1,PETROL,,Manual,Sedan,519000
981,Datsun Go,2014,66599,1,PETROL,KL-01,Manual,HatchBack,195000
982,Hyundai Elite i20,2019,52748,1,PETROL,GJ-27,Manual,HatchBack,681000
983,Maruti Baleno,2016,50459,1,PETROL,MH-47,Manual,HatchBack,573000
984,Hyundai Grand i10,2014,46054,2,PETROL,KA-01,Manual,HatchBack,450000
985,Maruti IGNIS,2017,102941,1,PETROL,,Manual,HatchBack,505000
986,Maruti Ciaz,2016,85507,1,PETROL,UP-32,Manual,Sedan,541000
987,Maruti Alto 800,2019,47714,1,PETROL,PB-65,Manual,HatchBack,342000
988,Volkswagen TIGUAN,2018,88907,1,DIESEL,DL-10,Automatic,Lux_SUV,1785000
989,Maruti Dzire,2018,59468,1,PETROL,UP-32,Manual,Sedan,549000
990,Hyundai Grand i10,2013,30079,1,PETROL,MH-43,Manual,HatchBack,305000
991,Honda Brio,2014,81795,2,PETROL,MH-12,Automatic,HatchBack,419000
992,Honda City,2014,66059,1,PETROL,TS-12,Manual,Sedan,553000
993,Maruti Vitara Brezza,2019,72577,1,DIESEL,TS-07,Automatic,SUV,960000
994,Hyundai i20,2014,96999,1,PETROL,MH-14,Manual,HatchBack,449000
995,Hyundai Grand i10,2017,64826,1,PETROL,DL-10,Automatic,HatchBack,508000
996,Hyundai GRAND I10 NIOS,2021,8455,1,CNG,MH-02,Manual,HatchBack,710000
997,Hyundai Verna,2020,98780,1,DIESEL,MH-43,Manual,Sedan,678000
998,Volkswagen Vento,2017,45599,1,PETROL,DL-4C,Manual,Sedan,260000
